Workbook

Sheet SAISIE
A1: 1 | B1: Flux caractérisé | C1: Date | D1: Equipe | E1: Provenance | F1: JRM | G1: EMR | H1: CARTON | I1: GM | J1: PETQ9 | K1: FLUX DEV | L1: PET B | M1: PEPP | N1: ELA | O1: FILM | P1: ACIER | Q1: ALU | R1: PETIT ALU | S1: REFUS | T1: Total (kg) | U1: Taux de pureté | V1: Remarques | W1: Année | X1: Mois | Y1: Semaine | Z1: JRM* | AA1: EMR* | AB1: CARTON* | AC1: GM* | AD1: PET Q9* | AE1: FLUX DEV* | AF1: PET B* | AG1: PEPP* | AH1: ELA* | AI1: FILM* | AJ1: ACIER* | AK1: ALU* | AL1: PETIT ALU* | AM1: REFUS* | AN1: Fibreux | AO1: CC | AP1: Contaminant A | AQ1: Contaminant B | AR1: Global indésirable | AS1: CC + REFUS | AT1: Fibreux + ELA | AU1: Fibreux + CC | AV1: Fibreux + CC - FILM | AW1: CC - ELA
A2: =A1+1 | B2: EMR | C2: 24/02/26 | D2: MATIN | E2: COLLECTE | F2: 1.6 | G2: 15.6 | H2: 0.6 | I2: 1.3 | J2: 0.2 | K2: 0.1 | L2: 0.3 | M2: 0.1 | N2: 0.1 | O2: 0.1 | P2: 0 | Q2: 0 | R2: 0 | S2: 1.2 | T2: =SUM(F2:S2) | U2: =(HLOOKUP(B2,F:T,A2,FALSE)/T2) | W2: 2026 | X2: 2 | Y2: 8 | Z2: =IFERROR(F2/$T2,0) | AA2: =IFERROR(G2/$T2,0) | AB2: =IFERROR(H2/$T2,0) | AC2: =IFERROR(I2/$T2,0) | AD2: =IFERROR(J2/$T2,0) | AE2: =IFERROR(K2/$T2,0) | AF2: =IFERROR(L2/$T2,0) | AG2: =IFERROR(M2/$T2,0) | ... AM2: =IFERROR(S2/$T2,0) | AN2: =SUM(Z2:AC2) | AO2: =SUM(AD2:AL2) | AP2: =SUM(AM2,AB2) | AQ2: =SUM(AA2) | AR2: =(AP2+AQ2)-3% | AS2: =SUM(AO2+AM2) | AT2: =SUM(AH2+AN2) | AU2: =SUM(AN2+AO2) | AV2: =SUM(AN2+AD2+AE2+AF2+AG2+AH2+AJ2+AK2+AL2) | AW2: =SUM(AD2+AE2+AF2+AG2+AI2+AJ2+AK2+AL2)
A3: =A2+1 | B3: JRM | C3: 24/02/26 | D3: MATIN | E3: SILO | F3: 1.2 | G3: 0.1 | H3: 0.1 | I3: 0.1 | J3: 0 | K3: 0 | L3: 0 | M3: 0 | N3: 0 | O3: 0 | P3: 0 | Q3: 0 | R3: 0 | S3: 0.5 | T3: =SUM(F3:S3) | U3: =(HLOOKUP(B3,F:T,A3,FALSE)/T3) | W3: 2026 | X3: 2 | Y3: 8 | Z3: =IFERROR(F3/$T3,0) | AA3: =IFERROR(G3/$T3,0) | AB3: =IFERROR(H3/$T3,0) | AC3: =IFERROR(I3/$T3,0) | AD3: =IFERROR(J3/$T3,0) | AE3: =IFERROR(K3/$T3,0) | AF3: =IFERROR(L3/$T3,0) | AG3: =IFERROR(M3/$T3,0) | ... AM3: =IFERROR(S3/$T3,0) | AN3: =SUM(Z3:AC3) | AO3: =SUM(AD3:AL3) | AP3: =SUM(AM3,AB3) | AQ3: =SUM(AA3) | AR3: =(AP3+AQ3)-3% | AS3: =SUM(AO3+AM3) | AT3: =SUM(AH3+AN3) | AU3: =SUM(AN3+AO3) | AV3: =SUM(AN3+AD3+AE3+AF3+AG3+AH3+AJ3+AK3+AL3) | AW3: =SUM(AD3+AE3+AF3+AG3+AI3+AJ3+AK3+AL3)
A4: =A3+1 | B4: EMR | C4: 24/02/26 | D4: MATIN | E4: SILO | F4: 1.2 | G4: 3 | H4: 0.1 | I4: 0.1 | J4: 0 | K4: 0 | L4: 0 | M4: 0 | N4: 0 | O4: 0 | P4: 0 | Q4: 0 | R4: 0 | S4: 0.5 | T4: =SUM(F4:S4) | U4: =(HLOOKUP(B4,F:T,A4,FALSE)/T4) | W4: 2026 | X4: 2 | Y4: 8 | Z4: =IFERROR(F4/$T4,0) | AA4: =IFERROR(G4/$T4,0) | AB4: =IFERROR(H4/$T4,0) | AC4: =IFERROR(I4/$T4,0) | AD4: =IFERROR(J4/$T4,0) | AE4: =IFERROR(K4/$T4,0) | AF4: =IFERROR(L4/$T4,0) | AG4: =IFERROR(M4/$T4,0) | ... AM4: =IFERROR(S4/$T4,0) | AN4: =SUM(Z4:AC4) | AO4: =SUM(AD4:AL4) | AP4: =SUM(AM4,AB4) | AQ4: =SUM(AA4) | AR4: =(AP4+AQ4)-3% | AS4: =SUM(AO4+AM4) | AT4: =SUM(AH4+AN4) | AU4: =SUM(AN4+AO4) | AV4: =SUM(AN4+AD4+AE4+AF4+AG4+AH4+AJ4+AK4+AL4) | AW4: =SUM(AD4+AE4+AF4+AG4+AI4+AJ4+AK4+AL4)
A5: =A4+1 | B5: JRM | C5: 24-02-2026 | D5: MATIN | E5: SILO | F5: 4.8 | G5: 0.2 | H5: 0.2 | I5: 0.1 | J5: 0 | K5: 0 | L5: 0 | M5: 0 | N5: 0 | O5: 0 | P5: 0.1 | Q5: 0.1 | R5: 0.1 | S5: 0.1 | T5: =SUM(F5:S5) | U5: =(HLOOKUP(B5,F:T,A5,FALSE)/T5) | W5: 2026 | X5: 2 | Y5: 8 | Z5: =IFERROR(F5/$T5,0) | AA5: =IFERROR(G5/$T5,0) | AB5: =IFERROR(H5/$T5,0) | AC5: =IFERROR(I5/$T5,0) | AD5: =IFERROR(J5/$T5,0) | AE5: =IFERROR(K5/$T5,0) | AF5: =IFERROR(L5/$T5,0) | AG5: =IFERROR(M5/$T5,0) | ... AM5: =IFERROR(S5/$T5,0) | AN5: =SUM(Z5:AC5) | AO5: =SUM(AD5:AL5) | AP5: =SUM(AM5,AB5) | AQ5: =SUM(AA5) | AR5: =(AP5+AQ5)-3% | AS5: =SUM(AO5+AM5) | AT5: =SUM(AH5+AN5) | AU5: =SUM(AN5+AO5) | AV5: =SUM(AN5+AD5+AE5+AF5+AG5+AH5+AJ5+AK5+AL5) | AW5: =SUM(AD5+AE5+AF5+AG5+AI5+AJ5+AK5+AL5)
A6: =A5+1 | T6: =SUM(F6:S6) | U6: =(HLOOKUP(B6,F:T,A6,FALSE)/T6) | W6: =YEAR(C6) | X6: =MONTH(C6) | Y6: =WEEKNUM(C6,21) | Z6: =IFERROR(F6/$T6,0) | AA6: =IFERROR(G6/$T6,0) | AB6: =IFERROR(H6/$T6,0) | AC6: =IFERROR(I6/$T6,0) | AD6: =IFERROR(J6/$T6,0) | AE6: =IFERROR(K6/$T6,0) | AF6: =IFERROR(L6/$T6,0) | AG6: =IFERROR(M6/$T6,0) | ... AM6: =IFERROR(S6/$T6,0) | AN6: =SUM(Z6:AC6) | AO6: =SUM(AD6:AL6) | AP6: =SUM(AM6,AB6) | AQ6: =SUM(AA6) | AR6: =(AP6+AQ6)-3% | AS6: =SUM(AO6+AM6) | AT6: =SUM(AH6+AN6) | AU6: =SUM(AN6+AO6) | AV6: =SUM(AN6+AD6+AE6+AF6+AG6+AH6+AJ6+AK6+AL6) | AW6: =SUM(AD6+AE6+AF6+AG6+AI6+AJ6+AK6+AL6)
A7: =A6+1 | T7: =SUM(F7:S7) | U7: =(HLOOKUP(B7,F:T,A7,FALSE)/T7) | W7: =YEAR(C7) | X7: =MONTH(C7) | Y7: =WEEKNUM(C7,21) | Z7: =IFERROR(F7/$T7,0) | AA7: =IFERROR(G7/$T7,0) | AB7: =IFERROR(H7/$T7,0) | AC7: =IFERROR(I7/$T7,0) | AD7: =IFERROR(J7/$T7,0) | AE7: =IFERROR(K7/$T7,0) | AF7: =IFERROR(L7/$T7,0) | AG7: =IFERROR(M7/$T7,0) | ... AM7: =IFERROR(S7/$T7,0) | AN7: =SUM(Z7:AC7) | AO7: =SUM(AD7:AL7) | AP7: =SUM(AM7,AB7) | AQ7: =SUM(AA7) | AR7: =(AP7+AQ7)-3% | AS7: =SUM(AO7+AM7) | AT7: =SUM(AH7+AN7) | AU7: =SUM(AN7+AO7) | AV7: =SUM(AN7+AD7+AE7+AF7+AG7+AH7+AJ7+AK7+AL7) | AW7: =SUM(AD7+AE7+AF7+AG7+AI7+AJ7+AK7+AL7)
A8: =A7+1 | T8: =SUM(F8:S8) | U8: =(HLOOKUP(B8,F:T,A8,FALSE)/T8) | W8: =YEAR(C8) | X8: =MONTH(C8) | Y8: =WEEKNUM(C8,21) | Z8: =IFERROR(F8/$T8,0) | AA8: =IFERROR(G8/$T8,0) | AB8: =IFERROR(H8/$T8,0) | AC8: =IFERROR(I8/$T8,0) | AD8: =IFERROR(J8/$T8,0) | AE8: =IFERROR(K8/$T8,0) | AF8: =IFERROR(L8/$T8,0) | AG8: =IFERROR(M8/$T8,0) | ... AM8: =IFERROR(S8/$T8,0) | AN8: =SUM(Z8:AC8) | AO8: =SUM(AD8:AL8) | AP8: =SUM(AM8,AB8) | AQ8: =SUM(AA8) | AR8: =(AP8+AQ8)-3% | AS8: =SUM(AO8+AM8) | AT8: =SUM(AH8+AN8) | AU8: =SUM(AN8+AO8) | AV8: =SUM(AN8+AD8+AE8+AF8+AG8+AH8+AJ8+AK8+AL8) | AW8: =SUM(AD8+AE8+AF8+AG8+AI8+AJ8+AK8+AL8)
A9: =A8+1 | T9: =SUM(F9:S9) | U9: =(HLOOKUP(B9,F:T,A9,FALSE)/T9) | W9: =YEAR(C9) | X9: =MONTH(C9) | Y9: =WEEKNUM(C9,21) | Z9: =IFERROR(F9/$T9,0) | AA9: =IFERROR(G9/$T9,0) | AB9: =IFERROR(H9/$T9,0) | AC9: =IFERROR(I9/$T9,0) | AD9: =IFERROR(J9/$T9,0) | AE9: =IFERROR(K9/$T9,0) | AF9: =IFERROR(L9/$T9,0) | AG9: =IFERROR(M9/$T9,0) | ... AM9: =IFERROR(S9/$T9,0) | AN9: =SUM(Z9:AC9) | AO9: =SUM(AD9:AL9) | AP9: =SUM(AM9,AB9) | AQ9: =SUM(AA9) | AR9: =(AP9+AQ9)-3% | AS9: =SUM(AO9+AM9) | AT9: =SUM(AH9+AN9) | AU9: =SUM(AN9+AO9) | AV9: =SUM(AN9+AD9+AE9+AF9+AG9+AH9+AJ9+AK9+AL9) | AW9: =SUM(AD9+AE9+AF9+AG9+AI9+AJ9+AK9+AL9)
A10: =A9+1 | T10: =SUM(F10:S10) | U10: =(HLOOKUP(B10,F:T,A10,FALSE)/T10) | W10: =YEAR(C10) | X10: =MONTH(C10) | Y10: =WEEKNUM(C10,21) | Z10: =IFERROR(F10/$T10,0) | AA10: =IFERROR(G10/$T10,0) | AB10: =IFERROR(H10/$T10,0) | AC10: =IFERROR(I10/$T10,0) | AD10: =IFERROR(J10/$T10,0) | AE10: =IFERROR(K10/$T10,0) | AF10: =IFERROR(L10/$T10,0) | AG10: =IFERROR(M10/$T10,0) | ... AM10: =IFERROR(S10/$T10,0) | AN10: =SUM(Z10:AC10) | AO10: =SUM(AD10:AL10) | AP10: =SUM(AM10,AB10) | AQ10: =SUM(AA10) | AR10: =(AP10+AQ10)-3% | AS10: =SUM(AO10+AM10) | AT10: =SUM(AH10+AN10) | AU10: =SUM(AN10+AO10) | AV10: =SUM(AN10+AD10+AE10+AF10+AG10+AH10+AJ10+AK10+AL10) | AW10: =SUM(AD10+AE10+AF10+AG10+AI10+AJ10+AK10+AL10)
A11: =A10+1 | T11: =SUM(F11:S11) | U11: =(HLOOKUP(B11,F:T,A11,FALSE)/T11) | W11: =YEAR(C11) | X11: =MONTH(C11) | Y11: =WEEKNUM(C11,21) | Z11: =IFERROR(F11/$T11,0) | AA11: =IFERROR(G11/$T11,0) | AB11: =IFERROR(H11/$T11,0) | AC11: =IFERROR(I11/$T11,0) | AD11: =IFERROR(J11/$T11,0) | AE11: =IFERROR(K11/$T11,0) | AF11: =IFERROR(L11/$T11,0) | AG11: =IFERROR(M11/$T11,0) | ... AM11: =IFERROR(S11/$T11,0) | AN11: =SUM(Z11:AC11) | AO11: =SUM(AD11:AL11) | AP11: =SUM(AM11,AB11) | AQ11: =SUM(AA11) | AR11: =(AP11+AQ11)-3% | AS11: =SUM(AO11+AM11) | AT11: =SUM(AH11+AN11) | AU11: =SUM(AN11+AO11) | AV11: =SUM(AN11+AD11+AE11+AF11+AG11+AH11+AJ11+AK11+AL11) | AW11: =SUM(AD11+AE11+AF11+AG11+AI11+AJ11+AK11+AL11)
A12: =A11+1 | T12: =SUM(F12:S12) | U12: =(HLOOKUP(B12,F:T,A12,FALSE)/T12) | W12: =YEAR(C12) | X12: =MONTH(C12) | Y12: =WEEKNUM(C12,21) | Z12: =IFERROR(F12/$T12,0) | AA12: =IFERROR(G12/$T12,0) | AB12: =IFERROR(H12/$T12,0) | AC12: =IFERROR(I12/$T12,0) | AD12: =IFERROR(J12/$T12,0) | AE12: =IFERROR(K12/$T12,0) | AF12: =IFERROR(L12/$T12,0) | AG12: =IFERROR(M12/$T12,0) | ... AM12: =IFERROR(S12/$T12,0) | AN12: =SUM(Z12:AC12) | AO12: =SUM(AD12:AL12) | AP12: =SUM(AM12,AB12) | AQ12: =SUM(AA12) | AR12: =(AP12+AQ12)-3% | AS12: =SUM(AO12+AM12) | AT12: =SUM(AH12+AN12) | AU12: =SUM(AN12+AO12) | AV12: =SUM(AN12+AD12+AE12+AF12+AG12+AH12+AJ12+AK12+AL12) | AW12: =SUM(AD12+AE12+AF12+AG12+AI12+AJ12+AK12+AL12)
A13: =A12+1 | T13: =SUM(F13:S13) | U13: =(HLOOKUP(B13,F:T,A13,FALSE)/T13) | W13: =YEAR(C13) | X13: =MONTH(C13) | Y13: =WEEKNUM(C13,21) | Z13: =IFERROR(F13/$T13,0) | AA13: =IFERROR(G13/$T13,0) | AB13: =IFERROR(H13/$T13,0) | AC13: =IFERROR(I13/$T13,0) | AD13: =IFERROR(J13/$T13,0) | AE13: =IFERROR(K13/$T13,0) | AF13: =IFERROR(L13/$T13,0) | AG13: =IFERROR(M13/$T13,0) | ... AM13: =IFERROR(S13/$T13,0) | AN13: =SUM(Z13:AC13) | AO13: =SUM(AD13:AL13) | AP13: =SUM(AM13,AB13) | AQ13: =SUM(AA13) | AR13: =(AP13+AQ13)-3% | AS13: =SUM(AO13+AM13) | AT13: =SUM(AH13+AN13) | AU13: =SUM(AN13+AO13) | AV13: =SUM(AN13+AD13+AE13+AF13+AG13+AH13+AJ13+AK13+AL13) | AW13: =SUM(AD13+AE13+AF13+AG13+AI13+AJ13+AK13+AL13)
A14: =A13+1 | T14: =SUM(F14:S14) | U14: =(HLOOKUP(B14,F:T,A14,FALSE)/T14) | W14: =YEAR(C14) | X14: =MONTH(C14) | Y14: =WEEKNUM(C14,21) | Z14: =IFERROR(F14/$T14,0) | AA14: =IFERROR(G14/$T14,0) | AB14: =IFERROR(H14/$T14,0) | AC14: =IFERROR(I14/$T14,0) | AD14: =IFERROR(J14/$T14,0) | AE14: =IFERROR(K14/$T14,0) | AF14: =IFERROR(L14/$T14,0) | AG14: =IFERROR(M14/$T14,0) | ... AM14: =IFERROR(S14/$T14,0) | AN14: =SUM(Z14:AC14) | AO14: =SUM(AD14:AL14) | AP14: =SUM(AM14,AB14) | AQ14: =SUM(AA14) | AR14: =(AP14+AQ14)-3% | AS14: =SUM(AO14+AM14) | AT14: =SUM(AH14+AN14) | AU14: =SUM(AN14+AO14) | AV14: =SUM(AN14+AD14+AE14+AF14+AG14+AH14+AJ14+AK14+AL14) | AW14: =SUM(AD14+AE14+AF14+AG14+AI14+AJ14+AK14+AL14)
A15: =A14+1 | T15: =SUM(F15:S15) | U15: =(HLOOKUP(B15,F:T,A15,FALSE)/T15) | W15: =YEAR(C15) | X15: =MONTH(C15) | Y15: =WEEKNUM(C15,21) | Z15: =IFERROR(F15/$T15,0) | AA15: =IFERROR(G15/$T15,0) | AB15: =IFERROR(H15/$T15,0) | AC15: =IFERROR(I15/$T15,0) | AD15: =IFERROR(J15/$T15,0) | AE15: =IFERROR(K15/$T15,0) | AF15: =IFERROR(L15/$T15,0) | AG15: =IFERROR(M15/$T15,0) | ... AM15: =IFERROR(S15/$T15,0) | AN15: =SUM(Z15:AC15) | AO15: =SUM(AD15:AL15) | AP15: =SUM(AM15,AB15) | AQ15: =SUM(AA15) | AR15: =(AP15+AQ15)-3% | AS15: =SUM(AO15+AM15) | AT15: =SUM(AH15+AN15) | AU15: =SUM(AN15+AO15) | AV15: =SUM(AN15+AD15+AE15+AF15+AG15+AH15+AJ15+AK15+AL15) | AW15: =SUM(AD15+AE15+AF15+AG15+AI15+AJ15+AK15+AL15)
A16: =A15+1 | T16: =SUM(F16:S16) | U16: =(HLOOKUP(B16,F:T,A16,FALSE)/T16) | W16: =YEAR(C16) | X16: =MONTH(C16) | Y16: =WEEKNUM(C16,21) | Z16: =IFERROR(F16/$T16,0) | AA16: =IFERROR(G16/$T16,0) | AB16: =IFERROR(H16/$T16,0) | AC16: =IFERROR(I16/$T16,0) | AD16: =IFERROR(J16/$T16,0) | AE16: =IFERROR(K16/$T16,0) | AF16: =IFERROR(L16/$T16,0) | AG16: =IFERROR(M16/$T16,0) | ... AM16: =IFERROR(S16/$T16,0) | AN16: =SUM(Z16:AC16) | AO16: =SUM(AD16:AL16) | AP16: =SUM(AM16,AB16) | AQ16: =SUM(AA16) | AR16: =(AP16+AQ16)-3% | AS16: =SUM(AO16+AM16) | AT16: =SUM(AH16+AN16) | AU16: =SUM(AN16+AO16) | AV16: =SUM(AN16+AD16+AE16+AF16+AG16+AH16+AJ16+AK16+AL16) | AW16: =SUM(AD16+AE16+AF16+AG16+AI16+AJ16+AK16+AL16)
A17: =A16+1 | T17: =SUM(F17:S17) | U17: =(HLOOKUP(B17,F:T,A17,FALSE)/T17) | W17: =YEAR(C17) | X17: =MONTH(C17) | Y17: =WEEKNUM(C17,21) | Z17: =IFERROR(F17/$T17,0) | AA17: =IFERROR(G17/$T17,0) | AB17: =IFERROR(H17/$T17,0) | AC17: =IFERROR(I17/$T17,0) | AD17: =IFERROR(J17/$T17,0) | AE17: =IFERROR(K17/$T17,0) | AF17: =IFERROR(L17/$T17,0) | AG17: =IFERROR(M17/$T17,0) | ... AM17: =IFERROR(S17/$T17,0) | AN17: =SUM(Z17:AC17) | AO17: =SUM(AD17:AL17) | AP17: =SUM(AM17,AB17) | AQ17: =SUM(AA17) | AR17: =(AP17+AQ17)-3% | AS17: =SUM(AO17+AM17) | AT17: =SUM(AH17+AN17) | AU17: =SUM(AN17+AO17) | AV17: =SUM(AN17+AD17+AE17+AF17+AG17+AH17+AJ17+AK17+AL17) | AW17: =SUM(AD17+AE17+AF17+AG17+AI17+AJ17+AK17+AL17)
... A27: =A26+1 | T27: =SUM(F27:S27) | U27: =(HLOOKUP(B27,F:T,A27,FALSE)/T27) | W27: =YEAR(C27) | X27: =MONTH(C27) | Y27: =WEEKNUM(C27,21) | Z27: =IFERROR(F27/$T27,0) | AA27: =IFERROR(G27/$T27,0) | AB27: =IFERROR(H27/$T27,0) | AC27: =IFERROR(I27/$T27,0) | AD27: =IFERROR(J27/$T27,0) | AE27: =IFERROR(K27/$T27,0) | AF27: =IFERROR(L27/$T27,0) | AG27: =IFERROR(M27/$T27,0) | ... AM27: =IFERROR(S27/$T27,0) | AN27: =SUM(Z27:AC27) | AO27: =SUM(AD27:AL27) | AP27: =SUM(AM27,AB27) | AQ27: =SUM(AA27) | AR27: =(AP27+AQ27)-3% | AS27: =SUM(AO27+AM27) | AT27: =SUM(AH27+AN27) | AU27: =SUM(AN27+AO27) | AV27: =SUM(AN27+AD27+AE27+AF27+AG27+AH27+AJ27+AK27+AL27) | AW27: =SUM(AD27+AE27+AF27+AG27+AI27+AJ27+AK27+AL27)
A28: =A27+1 | T28: =SUM(F28:S28) | U28: =(HLOOKUP(B28,F:T,A28,FALSE)/T28) | W28: 2026 | X28: 2 | Y28: 8 | Z28: =IFERROR(F28/$T28,0) | AA28: =IFERROR(G28/$T28,0) | AB28: =IFERROR(H28/$T28,0) | AC28: =IFERROR(I28/$T28,0) | AD28: =IFERROR(J28/$T28,0) | AE28: =IFERROR(K28/$T28,0) | AF28: =IFERROR(L28/$T28,0) | AG28: =IFERROR(M28/$T28,0) | ... AM28: =IFERROR(S28/$T28,0) | AN28: =SUM(Z28:AC28) | AO28: =SUM(AD28:AL28) | AP28: =SUM(AM28,AB28) | AQ28: =SUM(AA28) | AR28: =(AP28+AQ28)-3% | AS28: =SUM(AO28+AM28) | AT28: =SUM(AH28+AN28) | AU28: =SUM(AN28+AO28) | AV28: =SUM(AN28+AD28+AE28+AF28+AG28+AH28+AJ28+AK28+AL28) | AW28: =SUM(AD28+AE28+AF28+AG28+AI28+AJ28+AK28+AL28)
A29: =A28+1 | T29: =SUM(F29:S29) | U29: =(HLOOKUP(B29,F:T,A29,FALSE)/T29) | W29: 2026 | X29: 2 | Y29: 8 | Z29: =IFERROR(F29/$T29,0) | AA29: =IFERROR(G29/$T29,0) | AB29: =IFERROR(H29/$T29,0) | AC29: =IFERROR(I29/$T29,0) | AD29: =IFERROR(J29/$T29,0) | AE29: =IFERROR(K29/$T29,0) | AF29: =IFERROR(L29/$T29,0) | AG29: =IFERROR(M29/$T29,0) | ... AM29: =IFERROR(S29/$T29,0) | AN29: =SUM(Z29:AC29) | AO29: =SUM(AD29:AL29) | AP29: =SUM(AM29,AB29) | AQ29: =SUM(AA29) | AR29: =(AP29+AQ29)-3% | AS29: =SUM(AO29+AM29) | AT29: =SUM(AH29+AN29) | AU29: =SUM(AN29+AO29) | AV29: =SUM(AN29+AD29+AE29+AF29+AG29+AH29+AJ29+AK29+AL29) | AW29: =SUM(AD29+AE29+AF29+AG29+AI29+AJ29+AK29+AL29)
A30: =A29+1 | T30: =SUM(F30:S30) | U30: =(HLOOKUP(B30,F:T,A30,FALSE)/T30) | W30: 2026 | X30: 2 | Y30: 8 | Z30: =IFERROR(F30/$T30,0) | AA30: =IFERROR(G30/$T30,0) | AB30: =IFERROR(H30/$T30,0) | AC30: =IFERROR(I30/$T30,0) | AD30: =IFERROR(J30/$T30,0) | AE30: =IFERROR(K30/$T30,0) | AF30: =IFERROR(L30/$T30,0) | AG30: =IFERROR(M30/$T30,0) | ... AM30: =IFERROR(S30/$T30,0) | AN30: =SUM(Z30:AC30) | AO30: =SUM(AD30:AL30) | AP30: =SUM(AM30,AB30) | AQ30: =SUM(AA30) | AR30: =(AP30+AQ30)-3% | AS30: =SUM(AO30+AM30) | AT30: =SUM(AH30+AN30) | AU30: =SUM(AN30+AO30) | AV30: =SUM(AN30+AD30+AE30+AF30+AG30+AH30+AJ30+AK30+AL30) | AW30: =SUM(AD30+AE30+AF30+AG30+AI30+AJ30+AK30+AL30)
A31: =A30+1 | T31: =SUM(F31:S31) | U31: =(HLOOKUP(B31,F:T,A31,FALSE)/T31) | W31: 2026 | X31: 2 | Y31: 8 | Z31: =IFERROR(F31/$T31,0) | AA31: =IFERROR(G31/$T31,0) | AB31: =IFERROR(H31/$T31,0) | AC31: =IFERROR(I31/$T31,0) | AD31: =IFERROR(J31/$T31,0) | AE31: =IFERROR(K31/$T31,0) | AF31: =IFERROR(L31/$T31,0) | AG31: =IFERROR(M31/$T31,0) | ... AM31: =IFERROR(S31/$T31,0) | AN31: =SUM(Z31:AC31) | AO31: =SUM(AD31:AL31) | AP31: =SUM(AM31,AB31) | AQ31: =SUM(AA31) | AR31: =(AP31+AQ31)-3% | AS31: =SUM(AO31+AM31) | AT31: =SUM(AH31+AN31) | AU31: =SUM(AN31+AO31) | AV31: =SUM(AN31+AD31+AE31+AF31+AG31+AH31+AJ31+AK31+AL31) | AW31: =SUM(AD31+AE31+AF31+AG31+AI31+AJ31+AK31+AL31)
A32: =A31+1 | T32: =SUM(F32:S32) | U32: =(HLOOKUP(B32,F:T,A32,FALSE)/T32) | W32: 2026 | X32: 2 | Y32: 8 | Z32: =IFERROR(F32/$T32,0) | AA32: =IFERROR(G32/$T32,0) | AB32: =IFERROR(H32/$T32,0) | AC32: =IFERROR(I32/$T32,0) | AD32: =IFERROR(J32/$T32,0) | AE32: =IFERROR(K32/$T32,0) | AF32: =IFERROR(L32/$T32,0) | AG32: =IFERROR(M32/$T32,0) | ... AM32: =IFERROR(S32/$T32,0) | AN32: =SUM(Z32:AC32) | AO32: =SUM(AD32:AL32) | AP32: =SUM(AM32,AB32) | AQ32: =SUM(AA32) | AR32: =(AP32+AQ32)-3% | AS32: =SUM(AO32+AM32) | AT32: =SUM(AH32+AN32) | AU32: =SUM(AN32+AO32) | AV32: =SUM(AN32+AD32+AE32+AF32+AG32+AH32+AJ32+AK32+AL32) | AW32: =SUM(AD32+AE32+AF32+AG32+AI32+AJ32+AK32+AL32)
A33: =A32+1 | T33: =SUM(F33:S33) | U33: =(HLOOKUP(B33,F:T,A33,FALSE)/T33) | W33: =YEAR(C33) | X33: =MONTH(C33) | Y33: =WEEKNUM(C33,21) | Z33: =IFERROR(F33/$T33,0) | AA33: =IFERROR(G33/$T33,0) | AB33: =IFERROR(H33/$T33,0) | AC33: =IFERROR(I33/$T33,0) | AD33: =IFERROR(J33/$T33,0) | AE33: =IFERROR(K33/$T33,0) | AF33: =IFERROR(L33/$T33,0) | AG33: =IFERROR(M33/$T33,0) | ... AM33: =IFERROR(S33/$T33,0) | AN33: =SUM(Z33:AC33) | AO33: =SUM(AD33:AL33) | AP33: =SUM(AM33,AB33) | AQ33: =SUM(AA33) | AR33: =(AP33+AQ33)-3% | AS33: =SUM(AO33+AM33) | AT33: =SUM(AH33+AN33) | AU33: =SUM(AN33+AO33) | AV33: =SUM(AN33+AD33+AE33+AF33+AG33+AH33+AJ33+AK33+AL33) | AW33: =SUM(AD33+AE33+AF33+AG33+AI33+AJ33+AK33+AL33)
A34: =A33+1 | T34: =SUM(F34:S34) | U34: =(HLOOKUP(B34,F:T,A34,FALSE)/T34) | W34: =YEAR(C34) | X34: =MONTH(C34) | Y34: =WEEKNUM(C34,21) | Z34: =IFERROR(F34/$T34,0) | AA34: =IFERROR(G34/$T34,0) | AB34: =IFERROR(H34/$T34,0) | AC34: =IFERROR(I34/$T34,0) | AD34: =IFERROR(J34/$T34,0) | AE34: =IFERROR(K34/$T34,0) | AF34: =IFERROR(L34/$T34,0) | AG34: =IFERROR(M34/$T34,0) | ... AM34: =IFERROR(S34/$T34,0) | AN34: =SUM(Z34:AC34) | AO34: =SUM(AD34:AL34) | AP34: =SUM(AM34,AB34) | AQ34: =SUM(AA34) | AR34: =(AP34+AQ34)-3% | AS34: =SUM(AO34+AM34) | AT34: =SUM(AH34+AN34) | AU34: =SUM(AN34+AO34) | AV34: =SUM(AN34+AD34+AE34+AF34+AG34+AH34+AJ34+AK34+AL34) | AW34: =SUM(AD34+AE34+AF34+AG34+AI34+AJ34+AK34+AL34)
A35: =A34+1 | T35: =SUM(F35:S35) | U35: =(HLOOKUP(B35,F:T,A35,FALSE)/T35) | W35: =YEAR(C35) | X35: =MONTH(C35) | Y35: =WEEKNUM(C35,21) | Z35: =IFERROR(F35/$T35,0) | AA35: =IFERROR(G35/$T35,0) | AB35: =IFERROR(H35/$T35,0) | AC35: =IFERROR(I35/$T35,0) | AD35: =IFERROR(J35/$T35,0) | AE35: =IFERROR(K35/$T35,0) | AF35: =IFERROR(L35/$T35,0) | AG35: =IFERROR(M35/$T35,0) | ... AM35: =IFERROR(S35/$T35,0) | AN35: =SUM(Z35:AC35) | AO35: =SUM(AD35:AL35) | AP35: =SUM(AM35,AB35) | AQ35: =SUM(AA35) | AR35: =(AP35+AQ35)-3% | AS35: =SUM(AO35+AM35) | AT35: =SUM(AH35+AN35) | AU35: =SUM(AN35+AO35) | AV35: =SUM(AN35+AD35+AE35+AF35+AG35+AH35+AJ35+AK35+AL35) | AW35: =SUM(AD35+AE35+AF35+AG35+AI35+AJ35+AK35+AL35)
A36: =A35+1 | T36: =SUM(F36:S36) | U36: =(HLOOKUP(B36,F:T,A36,FALSE)/T36) | W36: =YEAR(C36) | X36: =MONTH(C36) | Y36: =WEEKNUM(C36,21) | Z36: =IFERROR(F36/$T36,0) | AA36: =IFERROR(G36/$T36,0) | AB36: =IFERROR(H36/$T36,0) | AC36: =IFERROR(I36/$T36,0) | AD36: =IFERROR(J36/$T36,0) | AE36: =IFERROR(K36/$T36,0) | AF36: =IFERROR(L36/$T36,0) | AG36: =IFERROR(M36/$T36,0) | ... AM36: =IFERROR(S36/$T36,0) | AN36: =SUM(Z36:AC36) | AO36: =SUM(AD36:AL36) | AP36: =SUM(AM36,AB36) | AQ36: =SUM(AA36) | AR36: =(AP36+AQ36)-3% | AS36: =SUM(AO36+AM36) | AT36: =SUM(AH36+AN36) | AU36: =SUM(AN36+AO36) | AV36: =SUM(AN36+AD36+AE36+AF36+AG36+AH36+AJ36+AK36+AL36) | AW36: =SUM(AD36+AE36+AF36+AG36+AI36+AJ36+AK36+AL36)
A37: =A36+1 | T37: =SUM(F37:S37) | U37: =(HLOOKUP(B37,F:T,A37,FALSE)/T37) | W37: =YEAR(C37) | X37: =MONTH(C37) | Y37: =WEEKNUM(C37,21) | Z37: =IFERROR(F37/$T37,0) | AA37: =IFERROR(G37/$T37,0) | AB37: =IFERROR(H37/$T37,0) | AC37: =IFERROR(I37/$T37,0) | AD37: =IFERROR(J37/$T37,0) | AE37: =IFERROR(K37/$T37,0) | AF37: =IFERROR(L37/$T37,0) | AG37: =IFERROR(M37/$T37,0) | ... AM37: =IFERROR(S37/$T37,0) | AN37: =SUM(Z37:AC37) | AO37: =SUM(AD37:AL37) | AP37: =SUM(AM37,AB37) | AQ37: =SUM(AA37) | AR37: =(AP37+AQ37)-3% | AS37: =SUM(AO37+AM37) | AT37: =SUM(AH37+AN37) | AU37: =SUM(AN37+AO37) | AV37: =SUM(AN37+AD37+AE37+AF37+AG37+AH37+AJ37+AK37+AL37) | AW37: =SUM(AD37+AE37+AF37+AG37+AI37+AJ37+AK37+AL37)
A38: =A37+1 | T38: =SUM(F38:S38) | U38: =(HLOOKUP(B38,F:T,A38,FALSE)/T38) | W38: =YEAR(C38) | X38: =MONTH(C38) | Y38: =WEEKNUM(C38,21) | Z38: =IFERROR(F38/$T38,0) | AA38: =IFERROR(G38/$T38,0) | AB38: =IFERROR(H38/$T38,0) | AC38: =IFERROR(I38/$T38,0) | AD38: =IFERROR(J38/$T38,0) | AE38: =IFERROR(K38/$T38,0) | AF38: =IFERROR(L38/$T38,0) | AG38: =IFERROR(M38/$T38,0) | ... AM38: =IFERROR(S38/$T38,0) | AN38: =SUM(Z38:AC38) | AO38: =SUM(AD38:AL38) | AP38: =SUM(AM38,AB38) | AQ38: =SUM(AA38) | AR38: =(AP38+AQ38)-3% | AS38: =SUM(AO38+AM38) | AT38: =SUM(AH38+AN38) | AU38: =SUM(AN38+AO38) | AV38: =SUM(AN38+AD38+AE38+AF38+AG38+AH38+AJ38+AK38+AL38) | AW38: =SUM(AD38+AE38+AF38+AG38+AI38+AJ38+AK38+AL38)
A39: =A38+1 | T39: =SUM(F39:S39) | U39: =(HLOOKUP(B39,F:T,A39,FALSE)/T39) | W39: =YEAR(C39) | X39: =MONTH(C39) | Y39: =WEEKNUM(C39,21) | Z39: =IFERROR(F39/$T39,0) | AA39: =IFERROR(G39/$T39,0) | AB39: =IFERROR(H39/$T39,0) | AC39: =IFERROR(I39/$T39,0) | AD39: =IFERROR(J39/$T39,0) | AE39: =IFERROR(K39/$T39,0) | AF39: =IFERROR(L39/$T39,0) | AG39: =IFERROR(M39/$T39,0) | ... AM39: =IFERROR(S39/$T39,0) | AN39: =SUM(Z39:AC39) | AO39: =SUM(AD39:AL39) | AP39: =SUM(AM39,AB39) | AQ39: =SUM(AA39) | AR39: =(AP39+AQ39)-3% | AS39: =SUM(AO39+AM39) | AT39: =SUM(AH39+AN39) | AU39: =SUM(AN39+AO39) | AV39: =SUM(AN39+AD39+AE39+AF39+AG39+AH39+AJ39+AK39+AL39) | AW39: =SUM(AD39+AE39+AF39+AG39+AI39+AJ39+AK39+AL39)
A40: =A39+1 | T40: =SUM(F40:S40) | U40: =(HLOOKUP(B40,F:T,A40,FALSE)/T40) | W40: =YEAR(C40) | X40: =MONTH(C40) | Y40: =WEEKNUM(C40,21) | Z40: =IFERROR(F40/$T40,0) | AA40: =IFERROR(G40/$T40,0) | AB40: =IFERROR(H40/$T40,0) | AC40: =IFERROR(I40/$T40,0) | AD40: =IFERROR(J40/$T40,0) | AE40: =IFERROR(K40/$T40,0) | AF40: =IFERROR(L40/$T40,0) | AG40: =IFERROR(M40/$T40,0) | ... AM40: =IFERROR(S40/$T40,0) | AN40: =SUM(Z40:AC40) | AO40: =SUM(AD40:AL40) | AP40: =SUM(AM40,AB40) | AQ40: =SUM(AA40) | AR40: =(AP40+AQ40)-3% | AS40: =SUM(AO40+AM40) | AT40: =SUM(AH40+AN40) | AU40: =SUM(AN40+AO40) | AV40: =SUM(AN40+AD40+AE40+AF40+AG40+AH40+AJ40+AK40+AL40) | AW40: =SUM(AD40+AE40+AF40+AG40+AI40+AJ40+AK40+AL40)
A41: =A40+1 | T41: =SUM(F41:S41) | U41: =(HLOOKUP(B41,F:T,A41,FALSE)/T41) | W41: =YEAR(C41) | X41: =MONTH(C41) | Y41: =WEEKNUM(C41,21) | Z41: =IFERROR(F41/$T41,0) | AA41: =IFERROR(G41/$T41,0) | AB41: =IFERROR(H41/$T41,0) | AC41: =IFERROR(I41/$T41,0) | AD41: =IFERROR(J41/$T41,0) | AE41: =IFERROR(K41/$T41,0) | AF41: =IFERROR(L41/$T41,0) | AG41: =IFERROR(M41/$T41,0) | ... AM41: =IFERROR(S41/$T41,0) | AN41: =SUM(Z41:AC41) | AO41: =SUM(AD41:AL41) | AP41: =SUM(AM41,AB41) | AQ41: =SUM(AA41) | AR41: =(AP41+AQ41)-3% | AS41: =SUM(AO41+AM41) | AT41: =SUM(AH41+AN41) | AU41: =SUM(AN41+AO41) | AV41: =SUM(AN41+AD41+AE41+AF41+AG41+AH41+AJ41+AK41+AL41) | AW41: =SUM(AD41+AE41+AF41+AG41+AI41+AJ41+AK41+AL41)
A42: =A41+1 | T42: =SUM(F42:S42) | U42: =(HLOOKUP(B42,F:T,A42,FALSE)/T42) | W42: =YEAR(C42) | X42: =MONTH(C42) | Y42: =WEEKNUM(C42,21) | Z42: =IFERROR(F42/$T42,0) | AA42: =IFERROR(G42/$T42,0) | AB42: =IFERROR(H42/$T42,0) | AC42: =IFERROR(I42/$T42,0) | AD42: =IFERROR(J42/$T42,0) | AE42: =IFERROR(K42/$T42,0) | AF42: =IFERROR(L42/$T42,0) | AG42: =IFERROR(M42/$T42,0) | ... AM42: =IFERROR(S42/$T42,0) | AN42: =SUM(Z42:AC42) | AO42: =SUM(AD42:AL42) | AP42: =SUM(AM42,AB42) | AQ42: =SUM(AA42) | AR42: =(AP42+AQ42)-3% | AS42: =SUM(AO42+AM42) | AT42: =SUM(AH42+AN42) | AU42: =SUM(AN42+AO42) | AV42: =SUM(AN42+AD42+AE42+AF42+AG42+AH42+AJ42+AK42+AL42) | AW42: =SUM(AD42+AE42+AF42+AG42+AI42+AJ42+AK42+AL42)
A43: =A42+1 | T43: =SUM(F43:S43) | U43: =(HLOOKUP(B43,F:T,A43,FALSE)/T43) | W43: =YEAR(C43) | X43: =MONTH(C43) | Y43: =WEEKNUM(C43,21) | Z43: =IFERROR(F43/$T43,0) | AA43: =IFERROR(G43/$T43,0) | AB43: =IFERROR(H43/$T43,0) | AC43: =IFERROR(I43/$T43,0) | AD43: =IFERROR(J43/$T43,0) | AE43: =IFERROR(K43/$T43,0) | AF43: =IFERROR(L43/$T43,0) | AG43: =IFERROR(M43/$T43,0) | ... AM43: =IFERROR(S43/$T43,0) | AN43: =SUM(Z43:AC43) | AO43: =SUM(AD43:AL43) | AP43: =SUM(AM43,AB43) | AQ43: =SUM(AA43) | AR43: =(AP43+AQ43)-3% | AS43: =SUM(AO43+AM43) | AT43: =SUM(AH43+AN43) | AU43: =SUM(AN43+AO43) | AV43: =SUM(AN43+AD43+AE43+AF43+AG43+AH43+AJ43+AK43+AL43) | AW43: =SUM(AD43+AE43+AF43+AG43+AI43+AJ43+AK43+AL43)
A44: =A43+1 | T44: =SUM(F44:S44) | U44: =(HLOOKUP(B44,F:T,A44,FALSE)/T44) | W44: =YEAR(C44) | X44: =MONTH(C44) | Y44: =WEEKNUM(C44,21) | Z44: =IFERROR(F44/$T44,0) | AA44: =IFERROR(G44/$T44,0) | AB44: =IFERROR(H44/$T44,0) | AC44: =IFERROR(I44/$T44,0) | AD44: =IFERROR(J44/$T44,0) | AE44: =IFERROR(K44/$T44,0) | AF44: =IFERROR(L44/$T44,0) | AG44: =IFERROR(M44/$T44,0) | ... AM44: =IFERROR(S44/$T44,0) | AN44: =SUM(Z44:AC44) | AO44: =SUM(AD44:AL44) | AP44: =SUM(AM44,AB44) | AQ44: =SUM(AA44) | AR44: =(AP44+AQ44)-3% | AS44: =SUM(AO44+AM44) | AT44: =SUM(AH44+AN44) | AU44: =SUM(AN44+AO44) | AV44: =SUM(AN44+AD44+AE44+AF44+AG44+AH44+AJ44+AK44+AL44) | AW44: =SUM(AD44+AE44+AF44+AG44+AI44+AJ44+AK44+AL44)
... A102: =A101+1 | T102: =SUM(F102:S102) | U102: =(HLOOKUP(B102,F:T,A102,FALSE)/T102) | W102: =YEAR(C102) | X102: =MONTH(C102) | Y102: =WEEKNUM(C102,21) | Z102: =IFERROR(F102/$T102,0) | AA102: =IFERROR(G102/$T102,0) | AB102: =IFERROR(H102/$T102,0) | AC102: =IFERROR(I102/$T102,0) | AD102: =IFERROR(J102/$T102,0) | AE102: =IFERROR(K102/$T102,0) | AF102: =IFERROR(L102/$T102,0) | AG102: =IFERROR(M102/$T102,0) | ... AM102: =IFERROR(S102/$T102,0) | AN102: =SUM(Z102:AC102) | AO102: =SUM(AD102:AL102) | AP102: =SUM(AM102,AB102) | AQ102: =SUM(AA102) | AR102: =(AP102+AQ102)-3% | AS102: =SUM(AO102+AM102) | AT102: =SUM(AH102+AN102) | AU102: =SUM(AN102+AO102) | AV102: =SUM(AN102+AD102+AE102+AF102+AG102+AH102+AJ102+AK102+AL102) | AW102: =SUM(AD102+AE102+AF102+AG102+AI102+AJ102+AK102+AL102)
A103: =A102+1 | T103: =SUM(F103:S103) | U103: =(HLOOKUP(B103,F:T,A103,FALSE)/T103) | W103: =YEAR(C103) | X103: =MONTH(C103) | Y103: =WEEKNUM(C103,21) | Z103: =IFERROR(F103/$T103,0) | AA103: =IFERROR(G103/$T103,0) | AB103: =IFERROR(H103/$T103,0) | AC103: =IFERROR(I103/$T103,0) | AD103: =IFERROR(J103/$T103,0) | AE103: =IFERROR(K103/$T103,0) | AF103: =IFERROR(L103/$T103,0) | AG103: =IFERROR(N103/$T103,0) | AH103: =IFERROR(O103/$T103,0) | AI103: =IFERROR(P103/$T103,0) | AJ103: =IFERROR(Q103/$T103,0) | AK103: =IFERROR(R103/$T103,0) | AL103: =IFERROR(K103/$T103,0) | AN103: =SUM(Z103:AC103) | AO103: =SUM(AD103:AL103) | AP103: =SUM(AM103,AB103) | AQ103: =SUM(AA103) | AR103: =(AP103+AQ103)-3% | AS103: =SUM(AO103+AM103) | AT103: =SUM(AH103+AN103) | AU103: =SUM(AN103+AO103) | AV103: =SUM(AN103+AD103+AE103+AF103+AG103+AH103+AJ103+AK103+AL103) | AW103: =SUM(AD103+AE103+AF103+AG103+AI103+AJ103+AK103+AL103)
A104: =A103+1 | T104: =SUM(F104:S104) | U104: =(HLOOKUP(B104,F:T,A104,FALSE)/T104) | W104: =YEAR(C104) | X104: =MONTH(C104) | Y104: =WEEKNUM(C104,21) | Z104: =IFERROR(F104/$T104,0) | AA104: =IFERROR(G104/$T104,0) | AB104: =IFERROR(H104/$T104,0) | AC104: =IFERROR(I104/$T104,0) | AD104: =IFERROR(J104/$T104,0) | AE104: =IFERROR(K104/$T104,0) | AF104: =IFERROR(L104/$T104,0) | AG104: =IFERROR(N104/$T104,0) | AH104: =IFERROR(O104/$T104,0) | AI104: =IFERROR(P104/$T104,0) | AJ104: =IFERROR(Q104/$T104,0) | AK104: =IFERROR(R104/$T104,0) | AL104: =IFERROR(K104/$T104,0) | AN104: =SUM(Z104:AC104) | AO104: =SUM(AD104:AL104) | AP104: =SUM(AM104,AB104) | AQ104: =SUM(AA104) | AR104: =(AP104+AQ104)-3% | AS104: =SUM(AO104+AM104) | AT104: =SUM(AH104+AN104) | AU104: =SUM(AN104+AO104) | AV104: =SUM(AN104+AD104+AE104+AF104+AG104+AH104+AJ104+AK104+AL104) | AW104: =SUM(AD104+AE104+AF104+AG104+AI104+AJ104+AK104+AL104)
A105: =A104+1 | T105: =SUM(F105:S105) | U105: =(HLOOKUP(B105,F:T,A105,FALSE)/T105) | W105: =YEAR(C105) | X105: =MONTH(C105) | Y105: =WEEKNUM(C105,21) | Z105: =IFERROR(F105/$T105,0) | AA105: =IFERROR(G105/$T105,0) | AB105: =IFERROR(H105/$T105,0) | AC105: =IFERROR(I105/$T105,0) | AD105: =IFERROR(J105/$T105,0) | AE105: =IFERROR(K105/$T105,0) | AF105: =IFERROR(L105/$T105,0) | AG105: =IFERROR(N105/$T105,0) | AH105: =IFERROR(O105/$T105,0) | AI105: =IFERROR(P105/$T105,0) | AJ105: =IFERROR(Q105/$T105,0) | AK105: =IFERROR(R105/$T105,0) | AL105: =IFERROR(K105/$T105,0) | AN105: =SUM(Z105:AC105) | AO105: =SUM(AD105:AL105) | AP105: =SUM(AM105,AB105) | AQ105: =SUM(AA105) | AR105: =(AP105+AQ105)-3% | AS105: =SUM(AO105+AM105) | AT105: =SUM(AH105+AN105) | AU105: =SUM(AN105+AO105) | AV105: =SUM(AN105+AD105+AE105+AF105+AG105+AH105+AJ105+AK105+AL105) | AW105: =SUM(AD105+AE105+AF105+AG105+AI105+AJ105+AK105+AL105)
A106: =A105+1 | T106: =SUM(F106:S106) | U106: =(HLOOKUP(B106,F:T,A106,FALSE)/T106) | W106: =YEAR(C106) | X106: =MONTH(C106) | Y106: =WEEKNUM(C106,21) | Z106: =IFERROR(F106/$T106,0) | AA106: =IFERROR(G106/$T106,0) | AB106: =IFERROR(H106/$T106,0) | AC106: =IFERROR(I106/$T106,0) | AD106: =IFERROR(J106/$T106,0) | AE106: =IFERROR(K106/$T106,0) | AF106: =IFERROR(L106/$T106,0) | AG106: =IFERROR(N106/$T106,0) | AH106: =IFERROR(O106/$T106,0) | AI106: =IFERROR(P106/$T106,0) | AJ106: =IFERROR(Q106/$T106,0) | AK106: =IFERROR(R106/$T106,0) | AL106: =IFERROR(K106/$T106,0) | AN106: =SUM(Z106:AC106) | AO106: =SUM(AD106:AL106) | AP106: =SUM(AM106,AB106) | AQ106: =SUM(AA106) | AR106: =(AP106+AQ106)-3% | AS106: =SUM(AO106+AM106) | AT106: =SUM(AH106+AN106) | AU106: =SUM(AN106+AO106) | AV106: =SUM(AN106+AD106+AE106+AF106+AG106+AH106+AJ106+AK106+AL106) | AW106: =SUM(AD106+AE106+AF106+AG106+AI106+AJ106+AK106+AL106)
A107: =A106+1 | T107: =SUM(F107:S107) | U107: =(HLOOKUP(B107,F:T,A107,FALSE)/T107) | W107: =YEAR(C107) | X107: =MONTH(C107) | Y107: =WEEKNUM(C107,21) | AE107: =IFERROR(K107/$T107,0) | AF107: =IFERROR(L107/$T107,0) | AN107: =SUM(Z107:AC107) | AO107: =SUM(AD107:AL107) | AP107: =SUM(AM107,AB107) | AQ107: =SUM(AA107) | AR107: =(AP107+AQ107)-3% | AS107: =SUM(AO107+AM107) | AT107: =SUM(AH107+AN107) | AU107: =SUM(AN107+AO107) | AV107: =SUM(AN107+AD107+AE107+AF107+AG107+AH107+AJ107+AK107+AL107) | AW107: =SUM(AD107+AE107+AF107+AG107+AI107+AJ107+AK107+AL107)
A108: =A107+1 | T108: =SUM(F108:S108) | U108: =(HLOOKUP(B108,F:T,A108,FALSE)/T108) | W108: =YEAR(C108) | X108: =MONTH(C108) | Y108: =WEEKNUM(C108,21) | AE108: =IFERROR(K108/$T108,0) | AF108: =IFERROR(L108/$T108,0) | AN108: =SUM(Z108:AC108) | AO108: =SUM(AD108:AL108) | AP108: =SUM(AM108,AB108) | AQ108: =SUM(AA108) | AR108: =(AP108+AQ108)-3% | AS108: =SUM(AO108+AM108) | AT108: =SUM(AH108+AN108) | AU108: =SUM(AN108+AO108) | AV108: =SUM(AN108+AD108+AE108+AF108+AG108+AH108+AJ108+AK108+AL108) | AW108: =SUM(AD108+AE108+AF108+AG108+AI108+AJ108+AK108+AL108)
A109: =A108+1 | T109: =SUM(F109:S109) | U109: =(HLOOKUP(B109,F:T,A109,FALSE)/T109) | W109: =YEAR(C109) | X109: =MONTH(C109) | Y109: =WEEKNUM(C109,21) | AE109: =IFERROR(K109/$T109,0) | AF109: =IFERROR(L109/$T109,0) | AN109: =SUM(Z109:AC109) | AO109: =SUM(AD109:AL109) | AP109: =SUM(AM109,AB109) | AQ109: =SUM(AA109) | AR109: =(AP109+AQ109)-3% | AS109: =SUM(AO109+AM109) | AT109: =SUM(AH109+AN109) | AU109: =SUM(AN109+AO109) | AV109: =SUM(AN109+AD109+AE109+AF109+AG109+AH109+AJ109+AK109+AL109) | AW109: =SUM(AD109+AE109+AF109+AG109+AI109+AJ109+AK109+AL109)
A110: =A109+1 | T110: =SUM(F110:S110) | U110: =(HLOOKUP(B110,F:T,A110,FALSE)/T110) | W110: =YEAR(C110) | X110: =MONTH(C110) | Y110: =WEEKNUM(C110,21) | AE110: =IFERROR(K110/$T110,0) | AF110: =IFERROR(L110/$T110,0) | AN110: =SUM(Z110:AC110) | AO110: =SUM(AD110:AL110) | AP110: =SUM(AM110,AB110) | AQ110: =SUM(AA110) | AR110: =(AP110+AQ110)-3% | AS110: =SUM(AO110+AM110) | AT110: =SUM(AH110+AN110) | AU110: =SUM(AN110+AO110) | AV110: =SUM(AN110+AD110+AE110+AF110+AG110+AH110+AJ110+AK110+AL110) | AW110: =SUM(AD110+AE110+AF110+AG110+AI110+AJ110+AK110+AL110)
A111: =A110+1 | T111: =SUM(F111:S111) | U111: =(HLOOKUP(B111,F:T,A111,FALSE)/T111) | W111: =YEAR(C111) | X111: =MONTH(C111) | Y111: =WEEKNUM(C111,21) | AE111: =IFERROR(K111/$T111,0) | AF111: =IFERROR(L111/$T111,0) | AN111: =SUM(Z111:AC111) | AO111: =SUM(AD111:AL111) | AP111: =SUM(AM111,AB111) | AQ111: =SUM(AA111) | AR111: =(AP111+AQ111)-3% | AS111: =SUM(AO111+AM111) | AT111: =SUM(AH111+AN111) | AU111: =SUM(AN111+AO111) | AV111: =SUM(AN111+AD111+AE111+AF111+AG111+AH111+AJ111+AK111+AL111) | AW111: =SUM(AD111+AE111+AF111+AG111+AI111+AJ111+AK111+AL111)
A112: =A111+1 | T112: =SUM(F112:S112) | U112: =(HLOOKUP(B112,F:T,A112,FALSE)/T112) | W112: =YEAR(C112) | X112: =MONTH(C112) | Y112: =WEEKNUM(C112,21) | AE112: =IFERROR(K112/$T112,0) | AF112: =IFERROR(L112/$T112,0) | AN112: =SUM(Z112:AC112) | AO112: =SUM(AD112:AL112) | AP112: =SUM(AM112,AB112) | AQ112: =SUM(AA112) | AR112: =(AP112+AQ112)-3% | AS112: =SUM(AO112+AM112) | AT112: =SUM(AH112+AN112) | AU112: =SUM(AN112+AO112) | AV112: =SUM(AN112+AD112+AE112+AF112+AG112+AH112+AJ112+AK112+AL112) | AW112: =SUM(AD112+AE112+AF112+AG112+AI112+AJ112+AK112+AL112)
A113: =A112+1 | T113: =SUM(F113:S113) | U113: =(HLOOKUP(B113,F:T,A113,FALSE)/T113) | W113: =YEAR(C113) | X113: =MONTH(C113) | Y113: =WEEKNUM(C113,21) | AE113: =IFERROR(K113/$T113,0) | AF113: =IFERROR(L113/$T113,0) | AN113: =SUM(Z113:AC113) | AO113: =SUM(AD113:AL113) | AP113: =SUM(AM113,AB113) | AQ113: =SUM(AA113) | AR113: =(AP113+AQ113)-3% | AS113: =SUM(AO113+AM113) | AT113: =SUM(AH113+AN113) | AU113: =SUM(AN113+AO113) | AV113: =SUM(AN113+AD113+AE113+AF113+AG113+AH113+AJ113+AK113+AL113) | AW113: =SUM(AD113+AE113+AF113+AG113+AI113+AJ113+AK113+AL113)
A114: =A113+1 | T114: =SUM(F114:S114) | U114: =(HLOOKUP(B114,F:T,A114,FALSE)/T114) | W114: =YEAR(C114) | X114: =MONTH(C114) | Y114: =WEEKNUM(C114,21) | AE114: =IFERROR(K114/$T114,0) | AF114: =IFERROR(L114/$T114,0) | AN114: =SUM(Z114:AC114) | AO114: =SUM(AD114:AL114) | AP114: =SUM(AM114,AB114) | AQ114: =SUM(AA114) | AR114: =(AP114+AQ114)-3% | AS114: =SUM(AO114+AM114) | AT114: =SUM(AH114+AN114) | AU114: =SUM(AN114+AO114) | AV114: =SUM(AN114+AD114+AE114+AF114+AG114+AH114+AJ114+AK114+AL114) | AW114: =SUM(AD114+AE114+AF114+AG114+AI114+AJ114+AK114+AL114)
A115: =A114+1 | T115: =SUM(F115:S115) | U115: =(HLOOKUP(B115,F:T,A115,FALSE)/T115) | W115: =YEAR(C115) | X115: =MONTH(C115) | Y115: =WEEKNUM(C115,21) | AE115: =IFERROR(K115/$T115,0) | AF115: =IFERROR(L115/$T115,0) | AN115: =SUM(Z115:AC115) | AO115: =SUM(AD115:AL115) | AP115: =SUM(AM115,AB115) | AQ115: =SUM(AA115) | AR115: =(AP115+AQ115)-3% | AS115: =SUM(AO115+AM115) | AT115: =SUM(AH115+AN115) | AU115: =SUM(AN115+AO115) | AV115: =SUM(AN115+AD115+AE115+AF115+AG115+AH115+AJ115+AK115+AL115) | AW115: =SUM(AD115+AE115+AF115+AG115+AI115+AJ115+AK115+AL115)
A116: =A115+1 | T116: =SUM(F116:S116) | U116: =(HLOOKUP(B116,F:T,A116,FALSE)/T116) | W116: =YEAR(C116) | X116: =MONTH(C116) | Y116: =WEEKNUM(C116,21) | AE116: =IFERROR(K116/$T116,0) | AF116: =IFERROR(L116/$T116,0) | AN116: =SUM(Z116:AC116) | AO116: =SUM(AD116:AL116) | AP116: =SUM(AM116,AB116) | AQ116: =SUM(AA116) | AR116: =(AP116+AQ116)-3% | AS116: =SUM(AO116+AM116) | AT116: =SUM(AH116+AN116) | AU116: =SUM(AN116+AO116) | AV116: =SUM(AN116+AD116+AE116+AF116+AG116+AH116+AJ116+AK116+AL116) | AW116: =SUM(AD116+AE116+AF116+AG116+AI116+AJ116+AK116+AL116)
A117: =A116+1 | T117: =SUM(F117:S117) | U117: =(HLOOKUP(B117,F:T,A117,FALSE)/T117) | W117: =YEAR(C117) | X117: =MONTH(C117) | Y117: =WEEKNUM(C117,21) | AE117: =IFERROR(K117/$T117,0) | AF117: =IFERROR(L117/$T117,0) | AN117: =SUM(Z117:AC117) | AO117: =SUM(AD117:AL117) | AP117: =SUM(AM117,AB117) | AQ117: =SUM(AA117) | AR117: =(AP117+AQ117)-3% | AS117: =SUM(AO117+AM117) | AT117: =SUM(AH117+AN117) | AU117: =SUM(AN117+AO117) | AV117: =SUM(AN117+AD117+AE117+AF117+AG117+AH117+AJ117+AK117+AL117) | AW117: =SUM(AD117+AE117+AF117+AG117+AI117+AJ117+AK117+AL117)
A118: =A117+1 | T118: =SUM(F118:S118) | U118: =(HLOOKUP(B118,F:T,A118,FALSE)/T118) | W118: =YEAR(C118) | X118: =MONTH(C118) | Y118: =WEEKNUM(C118,21) | AE118: =IFERROR(K118/$T118,0) | AF118: =IFERROR(L118/$T118,0) | AN118: =SUM(Z118:AC118) | AO118: =SUM(AD118:AL118) | AP118: =SUM(AM118,AB118) | AQ118: =SUM(AA118) | AR118: =(AP118+AQ118)-3% | AS118: =SUM(AO118+AM118) | AT118: =SUM(AH118+AN118) | AU118: =SUM(AN118+AO118) | AV118: =SUM(AN118+AD118+AE118+AF118+AG118+AH118+AJ118+AK118+AL118) | AW118: =SUM(AD118+AE118+AF118+AG118+AI118+AJ118+AK118+AL118)
... A410: =A409+1 | T410: =SUM(F410:S410) | U410: =(HLOOKUP(B410,F:T,A410,FALSE)/T410) | W410: =YEAR(C410) | X410: =MONTH(C410) | Y410: =WEEKNUM(C410,21) | AE410: =IFERROR(K410/$T410,0) | AF410: =IFERROR(L410/$T410,0) | AN410: =SUM(Z410:AC410) | AO410: =SUM(AD410:AL410) | AP410: =SUM(AM410,AB410) | AQ410: =SUM(AA410) | AR410: =(AP410+AQ410)-3% | AS410: =SUM(AO410+AM410) | AT410: =SUM(AH410+AN410) | AU410: =SUM(AN410+AO410) | AV410: =SUM(AN410+AD410+AE410+AF410+AG410+AH410+AJ410+AK410+AL410) | AW410: =SUM(AD410+AE410+AF410+AG410+AI410+AJ410+AK410+AL410)

Sheet PLANNING
B2: CARACTERISATIONS ERIC
B5: Semaine | C5: Matin | E5: Après-Midi
B6: Lundi | C6: JRM | D6: EMR | E6: GM | F6: ELA
B7: Mardi | C7: Q4 | D7: Flux dev | F7: PE/PP
B8: Mercredi | C8: DECLASSEMENT | E8: REFUS ou FILM
B9: Jeudi | C9: Caract Client
B10: Vendredi | C10: Caract Client

Sheet BILAN
C1: 2 | D1: 3 | E1: 4 | H1: 2 | I1: 3 | J1: 4 | M1: 2 | N1: 3 | O1: 4 | R1: 2 | S1: 3 | T1: 4 | W1: 2 | X1: 3 | Y1: 4 | AB1: 2 | AC1: 3 | AD1: 4 | AG1: 2 | AH1: 3 | AI1: 4 | AL1: 2 | AM1: 3 | AN1: 4 | AQ1: 2 | AR1: 3 | AS1: 4 | AT1: 5 | AW1: 2 | AX1: 3 | AY1: 4 | BB1: 2 | BC1: 3 | BD1: 4 | BG1: 2 | BH1: 3 | BI1: 4 | BL1: 2 | BM1: 3 | BN1: 4 | BQ1: 2 | BR1: 3 | BS1: 4
B2: JRM | G2: EMR | L2: CARTON | Q2: GM | V2: Q9 | AA2: FLUX DEV | AF2: PET B | AK2: PEPP | AP2: ELA | AV2: FILM | BA2: ACIER | BF2: ALU | BK2: PETIT ALU | BP2: REFUS
B3: Semaine | C3: Taux de pureté | D3: Contaminant A | E3: Objectif JRM | G3: Semaine | H3: Taux de pureté | I3: CC + REFUS | J3: Objectif EMR | L3: Semaine | M3: Taux de pureté | N3: CC + REFUS | O3: Objectif CARTON | Q3: Semaine | R3: Taux de pureté | S3: CC + REFUS | T3: Objectif GM | V3: Semaine | W3: Taux de pureté | X3: PET B | Y3: Objectif Q9 | AA3: Semaine | AB3: Taux de pureté | AC3: PET Q9 | AD3: Objectif FLUX DEV | AF3: Semaine | AG3: Taux de pureté | AH3: Contaminant | AI3: Objectif PET B | AK3: Semaine | AL3: Taux de pureté | AM3: FIBREUX + ELA | AN3: Objectif PEPP | AP3: Semaine | AQ3: Taux de pureté | AR3: FIBREUX | AS3: Objectif ELA | AT3: CC | AV3: Semaine | AW3: Taux de pureté | AX3: FIBREUX + CC | AY3: Objectif FILM | BA3: Semaine | BB3: Taux de pureté | BC3: Contaminant | BD3: Objectif ACIER | BF3: Semaine | BG3: Taux de pureté | BH3: Contaminant | BI3: Objectif ALU | BK3: Semaine | BL3: Taux de pureté | BM3: ALU | BN3: Objectif PEPP | BP3: Semaine | BQ3: Taux de pureté | BR3: FIBREUX + CC | BS3: Objectif REFUS
A4: =A5-1 | B4: =$A4 | C4: =VLOOKUP($B4,$B$13:$E$64,C$1,0) | D4: =VLOOKUP($B4,$B$13:$E$64,D$1,0) | E4: =VLOOKUP($B4,$B$13:$E$64,E$1,0) | G4: =$A4 | H4: =VLOOKUP($G4,$G$13:$J$64,H$1,0) | I4: =VLOOKUP($G4,$G$13:$J$64,I$1,0) | J4: =VLOOKUP($G4,$G$13:$J$64,J$1,0) | L4: =$A4 | M4: =VLOOKUP($G4,$L$13:$O$64,M$1,0) | N4: =VLOOKUP($G4,$L$13:$O$64,N$1,0) | O4: =VLOOKUP($G4,$L$13:$O$64,O$1,0) | Q4: =$A4 | R4: =VLOOKUP($G4,$Q$12:$T$63,R$1,0) | S4: =VLOOKUP($G4,$Q$13:$T$64,S$1,0) | T4: =VLOOKUP($G4,$Q$13:$T$64,T$1,0) | V4: =$A4 | W4: =VLOOKUP($A4,$V$12:$Y$63,W$1,0) | X4: =VLOOKUP($G4,$V$13:$Y$64,X$1,0) | Y4: =VLOOKUP($G4,$V$13:$Y$64,Y$1,0) | AA4: =$A4 | AB4: =VLOOKUP($G4,$AA$13:$AD$64,AB$1,0) | AC4: =VLOOKUP($G4,$AA$13:$AD$64,AC$1,0) | AD4: =VLOOKUP($G4,$AA$13:$AD$64,AD$1,0) | AF4: =$A4 | AG4: =VLOOKUP($G4,$AF$13:$AI$64,AG$1,0) | AH4: =VLOOKUP($G4,$AF$13:$AI$64,AH$1,0) | AI4: =VLOOKUP($G4,$AF$13:$AI$64,AI$1,0) | AK4: =$A4 | AL4: =VLOOKUP($G4,$AK$13:$AN$64,AL$1,0) | AM4: =VLOOKUP($G4,$AK$13:$AN$64,AM$1,0) | AN4: =VLOOKUP($G4,$AF$13:$AI$64,AN$1,0) | AP4: =$A4 | AQ4: =VLOOKUP($G4,$AP$13:$AT$64,AQ$1,0) | AR4: =VLOOKUP($G4,$AP$13:$AT$64,AR$1,0) | AS4: =VLOOKUP($G4,$AF$13:$AI$64,AS$1,0) | AT4: =VLOOKUP($G4,$AP$13:$AT$64,AT$1,0) | AV4: =$A4 | AW4: =VLOOKUP($G4,$AV$13:$AY$64,AW$1,0) | AX4: =VLOOKUP($G4,$AV$13:$AY$64,AX$1,0) | AY4: =VLOOKUP($G4,$AF$13:$AI$64,AY$1,0) | BA4: =$A4 | BB4: =VLOOKUP($G4,$BA$13:$BD$64,BB$1,0) | BC4: =VLOOKUP($G4,$BA$13:$BD$64,BC$1,0) | BD4: =VLOOKUP($G4,$AF$13:$AI$64,BD$1,0) | BF4: =$A4 | BG4: =VLOOKUP($G4,$BF$13:$BI$64,BG$1,0) | BH4: =VLOOKUP($G4,$BF$13:$BI$64,BH$1,0) | BI4: =VLOOKUP($G4,$AF$13:$AI$64,BI$1,0) | BK4: =$A4 | BL4: =VLOOKUP($G4,$BK$13:$BN$64,BG$1,0) | BM4: =VLOOKUP($G4,$BK$13:$BN$64,BM$1,0) | BN4: =VLOOKUP($G4,$AF$13:$AI$64,BN$1,0) | BP4: =$A4 | BQ4: =VLOOKUP($G4,$BP$13:$BS$64,BQ$1,0) | BR4: =VLOOKUP($G4,$BP$13:$BS$64,BR$1,0) | BS4: =VLOOKUP($G4,$AF$13:$AI$64,BS$1,0)
A5: =A6-1 | B5: =$A5 | C5: =VLOOKUP($B5,$B$13:$E$64,C$1,0) | D5: =VLOOKUP($B5,$B$13:$E$64,D$1,0) | E5: =VLOOKUP($B5,$B$13:$E$64,E$1,0) | G5: =$A5 | H5: =VLOOKUP($G5,$G$13:$J$64,H$1,0) | I5: =VLOOKUP($G5,$G$13:$J$64,I$1,0) | J5: =VLOOKUP($G5,$G$13:$J$64,J$1,0) | L5: =$A5 | M5: =VLOOKUP($G5,$L$13:$O$64,M$1,0) | N5: =VLOOKUP($G5,$L$13:$O$64,N$1,0) | O5: =VLOOKUP($G5,$L$13:$O$64,O$1,0) | Q5: =$A5 | R5: =VLOOKUP($G5,$Q$12:$T$63,R$1,0) | S5: =VLOOKUP($G5,$Q$13:$T$64,S$1,0) | T5: =VLOOKUP($G5,$Q$13:$T$64,T$1,0) | V5: =$A5 | W5: =VLOOKUP($G5,$V$12:$Y$63,W$1,0) | X5: =VLOOKUP($G5,$V$13:$Y$64,X$1,0) | Y5: =VLOOKUP($G5,$V$13:$Y$64,Y$1,0) | AA5: =$A5 | AB5: =VLOOKUP($G5,$AA$13:$AD$64,AB$1,0) | AC5: =VLOOKUP($G5,$AA$13:$AD$64,AC$1,0) | AD5: =VLOOKUP($G5,$AA$13:$AD$64,AD$1,0) | AF5: =$A5 | AG5: =VLOOKUP($G5,$AF$13:$AI$64,AG$1,0) | AH5: =VLOOKUP($G5,$AF$13:$AI$64,AH$1,0) | AI5: =VLOOKUP($G5,$AF$13:$AI$64,AI$1,0) | AK5: =$A5 | AL5: =VLOOKUP($G5,$AK$13:$AN$64,AL$1,0) | AM5: =VLOOKUP($G5,$AK$13:$AN$64,AM$1,0) | AN5: =VLOOKUP($G5,$AF$13:$AI$64,AN$1,0) | AP5: =$A5 | AQ5: =VLOOKUP($G5,$AP$13:$AT$64,AQ$1,0) | AR5: =VLOOKUP($G5,$AP$13:$AT$64,AR$1,0) | AS5: =VLOOKUP($G5,$AF$13:$AI$64,AS$1,0) | AT5: =VLOOKUP($G5,$AP$13:$AT$64,AT$1,0) | AV5: =$A5 | AW5: =VLOOKUP($G5,$AV$13:$AY$64,AW$1,0) | AX5: =VLOOKUP($G5,$AV$13:$AY$64,AX$1,0) | AY5: =VLOOKUP($G5,$AF$13:$AI$64,AY$1,0) | BA5: =$A5 | BB5: =VLOOKUP($G5,$BA$13:$BD$64,BB$1,0) | BC5: =VLOOKUP($G5,$BA$13:$BD$64,BC$1,0) | BD5: =VLOOKUP($G5,$AF$13:$AI$64,BD$1,0) | BF5: =$A5 | BG5: =VLOOKUP($G5,$BF$13:$BI$64,BG$1,0) | BH5: =VLOOKUP($G5,$BF$13:$BI$64,BH$1,0) | BI5: =VLOOKUP($G5,$AF$13:$AI$64,BI$1,0) | BK5: =$A5 | BL5: =VLOOKUP($G5,$BK$13:$BN$64,BG$1,0) | BM5: =VLOOKUP($G5,$BK$13:$BN$64,BM$1,0) | BN5: =VLOOKUP($G5,$AF$13:$AI$64,BN$1,0) | BP5: =$A5 | BQ5: =VLOOKUP($G5,$BP$13:$BS$64,BQ$1,0) | BR5: =VLOOKUP($G5,$BP$13:$BS$64,BR$1,0) | BS5: =VLOOKUP($G5,$AF$13:$AI$64,BS$1,0)
A6: =A7-1 | B6: =$A6 | C6: =VLOOKUP($B6,$B$13:$E$64,C$1,0) | D6: =VLOOKUP($B6,$B$13:$E$64,D$1,0) | E6: =VLOOKUP($B6,$B$13:$E$64,E$1,0) | G6: =$A6 | H6: =VLOOKUP($G6,$G$13:$J$64,H$1,0) | I6: =VLOOKUP($G6,$G$13:$J$64,I$1,0) | J6: =VLOOKUP($G6,$G$13:$J$64,J$1,0) | L6: =$A6 | M6: =VLOOKUP($G6,$L$13:$O$64,M$1,0) | N6: =VLOOKUP($G6,$L$13:$O$64,N$1,0) | O6: =VLOOKUP($G6,$L$13:$O$64,O$1,0) | Q6: =$A6 | R6: =VLOOKUP($G6,$Q$12:$T$63,R$1,0) | S6: =VLOOKUP($G6,$Q$13:$T$64,S$1,0) | T6: =VLOOKUP($G6,$Q$13:$T$64,T$1,0) | V6: =$A6 | W6: =VLOOKUP($G6,$V$12:$Y$63,W$1,0) | X6: =VLOOKUP($G6,$V$13:$Y$64,X$1,0) | Y6: =VLOOKUP($G6,$V$13:$Y$64,Y$1,0) | AA6: =$A6 | AB6: =VLOOKUP($G6,$AA$13:$AD$64,AB$1,0) | AC6: =VLOOKUP($G6,$AA$13:$AD$64,AC$1,0) | AD6: =VLOOKUP($G6,$AA$13:$AD$64,AD$1,0) | AF6: =$A6 | AG6: =VLOOKUP($G6,$AF$13:$AI$64,AG$1,0) | AH6: =VLOOKUP($G6,$AF$13:$AI$64,AH$1,0) | AI6: =VLOOKUP($G6,$AF$13:$AI$64,AI$1,0) | AK6: =$A6 | AL6: =VLOOKUP($G6,$AK$13:$AN$64,AL$1,0) | AM6: =VLOOKUP($G6,$AK$13:$AN$64,AM$1,0) | AN6: =VLOOKUP($G6,$AF$13:$AI$64,AN$1,0) | AP6: =$A6 | AQ6: =VLOOKUP($G6,$AP$13:$AT$64,AQ$1,0) | AR6: =VLOOKUP($G6,$AP$13:$AT$64,AR$1,0) | AS6: =VLOOKUP($G6,$AF$13:$AI$64,AS$1,0) | AT6: =VLOOKUP($G6,$AP$13:$AT$64,AT$1,0) | AV6: =$A6 | AW6: =VLOOKUP($G6,$AV$13:$AY$64,AW$1,0) | AX6: =VLOOKUP($G6,$AV$13:$AY$64,AX$1,0) | AY6: =VLOOKUP($G6,$AF$13:$AI$64,AY$1,0) | BA6: =$A6 | BB6: =VLOOKUP($G6,$BA$13:$BD$64,BB$1,0) | BC6: =VLOOKUP($G6,$BA$13:$BD$64,BC$1,0) | BD6: =VLOOKUP($G6,$AF$13:$AI$64,BD$1,0) | BF6: =$A6 | BG6: =VLOOKUP($G6,$BF$13:$BI$64,BG$1,0) | BH6: =VLOOKUP($G6,$BF$13:$BI$64,BH$1,0) | BI6: =VLOOKUP($G6,$AF$13:$AI$64,BI$1,0) | BK6: =$A6 | BL6: =VLOOKUP($G6,$BK$13:$BN$64,BG$1,0) | BM6: =VLOOKUP($G6,$BK$13:$BN$64,BM$1,0) | BN6: =VLOOKUP($G6,$AF$13:$AI$64,BN$1,0) | BP6: =$A6 | BQ6: =VLOOKUP($G6,$BP$13:$BS$64,BQ$1,0) | BR6: =VLOOKUP($G6,$BP$13:$BS$64,BR$1,0) | BS6: =VLOOKUP($G6,$AF$13:$AI$64,BS$1,0)
A7: =A8-1 | B7: =$A7 | C7: =VLOOKUP($B7,$B$13:$E$64,C$1,0) | D7: =VLOOKUP($B7,$B$13:$E$64,D$1,0) | E7: =VLOOKUP($B7,$B$13:$E$64,E$1,0) | G7: =$A7 | H7: =VLOOKUP($G7,$G$13:$J$64,H$1,0) | I7: =VLOOKUP($G7,$G$13:$J$64,I$1,0) | J7: =VLOOKUP($G7,$G$13:$J$64,J$1,0) | L7: =$A7 | M7: =VLOOKUP($G7,$L$13:$O$64,M$1,0) | N7: =VLOOKUP($G7,$L$13:$O$64,N$1,0) | O7: =VLOOKUP($G7,$L$13:$O$64,O$1,0) | Q7: =$A7 | R7: =VLOOKUP($G7,$Q$12:$T$63,R$1,0) | S7: =VLOOKUP($G7,$Q$13:$T$64,S$1,0) | T7: =VLOOKUP($G7,$Q$13:$T$64,T$1,0) | V7: =$A7 | W7: =VLOOKUP($G7,$V$12:$Y$63,W$1,0) | X7: =VLOOKUP($G7,$V$13:$Y$64,X$1,0) | Y7: =VLOOKUP($G7,$V$13:$Y$64,Y$1,0) | AA7: =$A7 | AB7: =VLOOKUP($G7,$AA$13:$AD$64,AB$1,0) | AC7: =VLOOKUP($G7,$AA$13:$AD$64,AC$1,0) | AD7: =VLOOKUP($G7,$AA$13:$AD$64,AD$1,0) | AF7: =$A7 | AG7: =VLOOKUP($G7,$AF$13:$AI$64,AG$1,0) | AH7: =VLOOKUP($G7,$AF$13:$AI$64,AH$1,0) | AI7: =VLOOKUP($G7,$AF$13:$AI$64,AI$1,0) | AK7: =$A7 | AL7: =VLOOKUP($G7,$AK$13:$AN$64,AL$1,0) | AM7: =VLOOKUP($G7,$AK$13:$AN$64,AM$1,0) | AN7: =VLOOKUP($G7,$AF$13:$AI$64,AN$1,0) | AP7: =$A7 | AQ7: =VLOOKUP($G7,$AP$13:$AT$64,AQ$1,0) | AR7: =VLOOKUP($G7,$AP$13:$AT$64,AR$1,0) | AS7: =VLOOKUP($G7,$AF$13:$AI$64,AS$1,0) | AT7: =VLOOKUP($G7,$AP$13:$AT$64,AT$1,0) | AV7: =$A7 | AW7: =VLOOKUP($G7,$AV$13:$AY$64,AW$1,0) | AX7: =VLOOKUP($G7,$AV$13:$AY$64,AX$1,0) | AY7: =VLOOKUP($G7,$AF$13:$AI$64,AY$1,0) | BA7: =$A7 | BB7: =VLOOKUP($G7,$BA$13:$BD$64,BB$1,0) | BC7: =VLOOKUP($G7,$BA$13:$BD$64,BC$1,0) | BD7: =VLOOKUP($G7,$AF$13:$AI$64,BD$1,0) | BF7: =$A7 | BG7: =VLOOKUP($G7,$BF$13:$BI$64,BG$1,0) | BH7: =VLOOKUP($G7,$BF$13:$BI$64,BH$1,0) | BI7: =VLOOKUP($G7,$AF$13:$AI$64,BI$1,0) | BK7: =$A7 | BL7: =VLOOKUP($G7,$BK$13:$BN$64,BG$1,0) | BM7: =VLOOKUP($G7,$BK$13:$BN$64,BM$1,0) | BN7: =VLOOKUP($G7,$AF$13:$AI$64,BN$1,0) | BP7: =$A7 | BQ7: =VLOOKUP($G7,$BP$13:$BS$64,BQ$1,0) | BR7: =VLOOKUP($G7,$BP$13:$BS$64,BR$1,0) | BS7: =VLOOKUP($G7,$AF$13:$AI$64,BS$1,0)
A8: 8 | B8: =$A8 | C8: =VLOOKUP($B8,$B$13:$E$64,C$1,0) | D8: =VLOOKUP($B8,$B$13:$E$64,D$1,0) | E8: =VLOOKUP($B8,$B$13:$E$64,E$1,0) | G8: =$A8 | H8: =VLOOKUP($G8,$G$13:$J$64,H$1,0) | I8: =VLOOKUP($G8,$G$13:$J$64,I$1,0) | J8: =VLOOKUP($G8,$G$13:$J$64,J$1,0) | L8: =$A8 | M8: =VLOOKUP($G8,$L$13:$O$64,M$1,0) | N8: =VLOOKUP($G8,$L$13:$O$64,N$1,0) | O8: =VLOOKUP($G8,$L$13:$O$64,O$1,0) | Q8: =$A8 | R8: =VLOOKUP($G8,$Q$12:$T$63,R$1,0) | S8: =VLOOKUP($G8,$Q$13:$T$64,S$1,0) | T8: =VLOOKUP($G8,$Q$13:$T$64,T$1,0) | V8: =$A8 | W8: =VLOOKUP($G8,$V$12:$Y$63,W$1,0) | X8: =VLOOKUP($G8,$V$13:$Y$64,X$1,0) | Y8: =VLOOKUP($G8,$V$13:$Y$64,Y$1,0) | AA8: =$A8 | AB8: =VLOOKUP($G8,$AA$13:$AD$64,AB$1,0) | AC8: =VLOOKUP($G8,$AA$13:$AD$64,AC$1,0) | AD8: =VLOOKUP($G8,$AA$13:$AD$64,AD$1,0) | AF8: =$A8 | AG8: =VLOOKUP($G8,$AF$13:$AI$64,AG$1,0) | AH8: =VLOOKUP($G8,$AF$13:$AI$64,AH$1,0) | AI8: =VLOOKUP($G8,$AF$13:$AI$64,AI$1,0) | AK8: =$A8 | AL8: =VLOOKUP($G8,$AK$13:$AN$64,AL$1,0) | AM8: =VLOOKUP($G8,$AK$13:$AN$64,AM$1,0) | AN8: =VLOOKUP($G8,$AF$13:$AI$64,AN$1,0) | AP8: =$A8 | AQ8: =VLOOKUP($G8,$AP$13:$AT$64,AQ$1,0) | AR8: =VLOOKUP($G8,$AP$13:$AT$64,AR$1,0) | AS8: =VLOOKUP($G8,$AF$13:$AI$64,AS$1,0) | AT8: =VLOOKUP($G8,$AP$13:$AT$64,AT$1,0) | AV8: =$A8 | AW8: =VLOOKUP($G8,$AV$13:$AY$64,AW$1,0) | AX8: =VLOOKUP($G8,$AV$13:$AY$64,AX$1,0) | AY8: =VLOOKUP($G8,$AF$13:$AI$64,AY$1,0) | BA8: =$A8 | BB8: =VLOOKUP($G8,$BA$13:$BD$64,BB$1,0) | BC8: =VLOOKUP($G8,$BA$13:$BD$64,BC$1,0) | BD8: =VLOOKUP($G8,$AF$13:$AI$64,BD$1,0) | BF8: =$A8 | BG8: =VLOOKUP($G8,$BF$13:$BI$64,BG$1,0) | BH8: =VLOOKUP($G8,$BF$13:$BI$64,BH$1,0) | BI8: =VLOOKUP($G8,$AF$13:$AI$64,BI$1,0) | BK8: =$A8 | BL8: =VLOOKUP($G8,$BK$13:$BN$64,BG$1,0) | BM8: =VLOOKUP($G8,$BK$13:$BN$64,BM$1,0) | BN8: =VLOOKUP($G8,$AF$13:$AI$64,BN$1,0) | BP8: =$A8 | BQ8: =VLOOKUP($G8,$BP$13:$BS$64,BQ$1,0) | BR8: =VLOOKUP($G8,$BP$13:$BS$64,BR$1,0) | BS8: =VLOOKUP($G8,$AF$13:$AI$64,BS$1,0)
B11: JRM | G11: EMR | L11: CARTON | Q11: GM | V11: Q9 | AA11: FLUX DEV | AF11: PET B | AK11: PEPP | AP11: ELA | AV11: FILM | BA11: ACIER | BF11: ALU | BK11: PETIT ALU | BP11: REFUS
B12: Semaine | C12: Taux de pureté | D12: Contaminant A | E12: Objectif JRM | G12: Semaine | H12: Taux de pureté | I12: CC + REFUS | J12: Objectif EMR | L12: Semaine | M12: Taux de pureté | N12: CC + REFUS | O12: Objectif CARTON | Q12: Semaine | R12: Taux de pureté | S12: CC + REFUS | T12: Objectif GM | V12: Semaine | W12: Taux de pureté | X12: PET B | Y12: Objectif Q9 | AA12: Semaine | AB12: Taux de pureté | AC12: PET Q9 | AD12: Objectif FLUX DEV | AF12: Semaine | AG12: Taux de pureté | AH12: Contaminant | AI12: Objectif PET B | AK12: Semaine | AL12: Taux de pureté | AM12: FIBREUX + ELA | AN12: Objectif PEPP | AP12: Semaine | AQ12: Taux de pureté | AR12: FIBREUX | AS12: Objectif ELA | AT12: CC | AV12: Semaine | AW12: Taux de pureté | AX12: FIBREUX + CC | AY12: Objectif FILM | BA12: Semaine | BB12: Taux de pureté | BC12: Contaminant | BD12: Objectif ACIER | BF12: Semaine | BG12: Taux de pureté | BH12: Contaminant | BI12: Objectif ALU | BK12: Semaine | BL12: Taux de pureté | BM12: ALU | BN12: Objectif PEPP | BP12: Semaine | BQ12: Taux de pureté | BR12: FIBREUX + CC | BS12: Objectif REFUS
B13: 1 | C13: =IFERROR(AVERAGEIFS(SAISIE!Z:Z,SAISIE!Y:Y,BILAN!B13,SAISIE!B:B,"JRM"),"") | D13: =IFERROR(AVERAGEIFS(SAISIE!AP:AP,SAISIE!Y:Y,BILAN!B13,SAISIE!B:B,"JRM"),"") | E13: 0.97 | G13: 1 | H13: =IFERROR(AVERAGEIFS(SAISIE!AA:AA,SAISIE!Y:Y,BILAN!B13,SAISIE!B:B,"EMR"),"") | I13: =IFERROR(AVERAGEIFS(SAISIE!AS:AS,SAISIE!Y:Y,BILAN!B13,SAISIE!B:B,"EMR"),"") | J13: 0.95 | L13: 1 | M13: =IFERROR(AVERAGEIFS(SAISIE!AB:AB,SAISIE!Y:Y,BILAN!B13,SAISIE!B:B,"CARTON"),"") | N13: =IFERROR(AVERAGEIFS(SAISIE!AS:AS,SAISIE!Y:Y,BILAN!B13,SAISIE!B:B,"CARTON"),"") | O13: 0.95 | Q13: 1 | R13: =IFERROR(AVERAGEIFS(SAISIE!AC:AC,SAISIE!Y:Y,BILAN!B13,SAISIE!B:B,"GM"),"") | S13: =IFERROR(AVERAGEIFS(SAISIE!AS:AS,SAISIE!Y:Y,BILAN!B13,SAISIE!B:B,"GM"),"") | T13: 0.98 | V13: 1 | W13: =IFERROR(AVERAGEIFS(SAISIE!AD:AD,SAISIE!Y:Y,BILAN!B13,SAISIE!B:B,"PETQ9"),"") | X13: =IFERROR(AVERAGEIFS(SAISIE!AF:AF,SAISIE!Y:Y,BILAN!B13,SAISIE!B:B,"PETQ9"),"") | Y13: 0.98 | AA13: 1 | AB13: =IFERROR(AVERAGEIFS(SAISIE!AE:AE,SAISIE!Y:Y,BILAN!B13,SAISIE!B:B,"FLUX DEV"),"") | AC13: =IFERROR(AVERAGEIFS(SAISIE!AD:AD,SAISIE!Y:Y,BILAN!B13,SAISIE!B:B,"FLUX DEV"),"") | AD13: 0.98 | AF13: 1 | AG13: =IFERROR(AVERAGEIFS(SAISIE!AF:AF,SAISIE!Y:Y,BILAN!B13,SAISIE!B:B,"PETB"),"") | AI13: 0.95 | AK13: 1 | AL13: =IFERROR(AVERAGEIFS(SAISIE!AG:AG,SAISIE!Y:Y,BILAN!B13,SAISIE!B:B,"PEPP"),"") | AM13: =IFERROR(AVERAGEIFS(SAISIE!AT:AT,SAISIE!Y:Y,BILAN!B13,SAISIE!B:B,"PEPP"),"") | AN13: 0.95 | AP13: 1 | AQ13: =IFERROR(AVERAGEIFS(SAISIE!AH:AH,SAISIE!Y:Y,BILAN!B13,SAISIE!B:B,"ELA"),"") | AR13: =IFERROR(AVERAGEIFS(SAISIE!AN:AN,SAISIE!Y:Y,BILAN!B13,SAISIE!B:B,"ELA"),"") | AS13: 0.95 | AT13: =IFERROR(AVERAGEIFS(SAISIE!AW:AW,SAISIE!Y:Y,BILAN!B13,SAISIE!B:B,"ELA"),"") | AV13: 1 | AW13: =IFERROR(AVERAGEIFS(SAISIE!AI:AI,SAISIE!Y:Y,BILAN!B13,SAISIE!B:B,"FILM"),"") | AX13: =IFERROR(AVERAGEIFS(SAISIE!AV:AV,SAISIE!Y:Y,BILAN!B13,SAISIE!B:B,"FILM"),"") | AY13: 0.95 | BA13: 1 | BB13: =IFERROR(AVERAGEIFS(SAISIE!AJ:AJ,SAISIE!Y:Y,BILAN!B13,SAISIE!B:B,"ACIER"),"") | BD13: 0.95 | BF13: 1 | BG13: =IFERROR(AVERAGEIFS(SAISIE!AK:AK,SAISIE!Y:Y,BILAN!B13,SAISIE!B:B,"ALU"),"") | BI13: 0.95 | BK13: 1 | BL13: =IFERROR(AVERAGEIFS(SAISIE!AL:AL,SAISIE!Y:Y,BILAN!B13,SAISIE!B:B,"PETIT ALU"),"") | BM13: =IFERROR(AVERAGEIFS(SAISIE!AK:AK,SAISIE!Y:Y,BILAN!B13,SAISIE!B:B,"PETIT ALU"),"") | BN13: 0.95 | BP13: 1 | BQ13: =IFERROR(AVERAGEIFS(SAISIE!AM:AM,SAISIE!Y:Y,BILAN!B13,SAISIE!B:B,"REFUS"),"") | BR13: =IFERROR(AVERAGEIFS(SAISIE!AU:AU,SAISIE!Y:Y,BILAN!B13,SAISIE!B:B,"REFUS"),"") | BS13: 0.95
B14: 2 | C14: =IFERROR(AVERAGEIFS(SAISIE!Z:Z,SAISIE!Y:Y,BILAN!B14,SAISIE!B:B,"JRM"),"") | D14: =IFERROR(AVERAGEIFS(SAISIE!AP:AP,SAISIE!Y:Y,BILAN!B14,SAISIE!B:B,"JRM"),"") | E14: 0.97 | G14: 2 | H14: =IFERROR(AVERAGEIFS(SAISIE!AA:AA,SAISIE!Y:Y,BILAN!B14,SAISIE!B:B,"EMR"),"") | I14: =IFERROR(AVERAGEIFS(SAISIE!AS:AS,SAISIE!Y:Y,BILAN!B14,SAISIE!B:B,"EMR"),"") | J14: 0.95 | L14: 2 | M14: =IFERROR(AVERAGEIFS(SAISIE!AB:AB,SAISIE!Y:Y,BILAN!B14,SAISIE!B:B,"CARTON"),"") | N14: =IFERROR(AVERAGEIFS(SAISIE!AS:AS,SAISIE!Y:Y,BILAN!B14,SAISIE!B:B,"CARTON"),"") | O14: 0.95 | Q14: 2 | R14: =IFERROR(AVERAGEIFS(SAISIE!AC:AC,SAISIE!Y:Y,BILAN!B14,SAISIE!B:B,"GM"),"") | S14: =IFERROR(AVERAGEIFS(SAISIE!AS:AS,SAISIE!Y:Y,BILAN!B14,SAISIE!B:B,"GM"),"") | T14: 0.98 | V14: 2 | W14: =IFERROR(AVERAGEIFS(SAISIE!AD:AD,SAISIE!Y:Y,BILAN!B14,SAISIE!B:B,"PETQ9"),"") | X14: =IFERROR(AVERAGEIFS(SAISIE!AF:AF,SAISIE!Y:Y,BILAN!B14,SAISIE!B:B,"PETQ9"),"") | Y14: 0.98 | AA14: 2 | AB14: =IFERROR(AVERAGEIFS(SAISIE!AE:AE,SAISIE!Y:Y,BILAN!B14,SAISIE!B:B,"FLUX DEV"),"") | AC14: =IFERROR(AVERAGEIFS(SAISIE!AD:AD,SAISIE!Y:Y,BILAN!B14,SAISIE!B:B,"FLUX DEV"),"") | AD14: 0.98 | AF14: 2 | AG14: =IFERROR(AVERAGEIFS(SAISIE!AF:AF,SAISIE!Y:Y,BILAN!B14,SAISIE!B:B,"PETB"),"") | AI14: 0.95 | AK14: 2 | AL14: =IFERROR(AVERAGEIFS(SAISIE!AG:AG,SAISIE!Y:Y,BILAN!B14,SAISIE!B:B,"PEPP"),"") | AM14: =IFERROR(AVERAGEIFS(SAISIE!AT:AT,SAISIE!Y:Y,BILAN!B14,SAISIE!B:B,"PEPP"),"") | AN14: 0.95 | AP14: 2 | AQ14: =IFERROR(AVERAGEIFS(SAISIE!AH:AH,SAISIE!Y:Y,BILAN!B14,SAISIE!B:B,"ELA"),"") | AR14: =IFERROR(AVERAGEIFS(SAISIE!AN:AN,SAISIE!Y:Y,BILAN!B14,SAISIE!B:B,"ELA"),"") | AS14: 0.95 | AT14: =IFERROR(AVERAGEIFS(SAISIE!AW:AW,SAISIE!Y:Y,BILAN!B14,SAISIE!B:B,"ELA"),"") | AV14: 2 | AW14: =IFERROR(AVERAGEIFS(SAISIE!AI:AI,SAISIE!Y:Y,BILAN!B14,SAISIE!B:B,"FILM"),"") | AX14: =IFERROR(AVERAGEIFS(SAISIE!AV:AV,SAISIE!Y:Y,BILAN!B14,SAISIE!B:B,"FILM"),"") | AY14: 0.95 | BA14: 2 | BB14: =IFERROR(AVERAGEIFS(SAISIE!AJ:AJ,SAISIE!Y:Y,BILAN!B14,SAISIE!B:B,"ACIER"),"") | BD14: 0.95 | BF14: 2 | BG14: =IFERROR(AVERAGEIFS(SAISIE!AK:AK,SAISIE!Y:Y,BILAN!B14,SAISIE!B:B,"ALU"),"") | BI14: 0.95 | BK14: 2 | BL14: =IFERROR(AVERAGEIFS(SAISIE!AL:AL,SAISIE!Y:Y,BILAN!B14,SAISIE!B:B,"PETIT ALU"),"") | BM14: =IFERROR(AVERAGEIFS(SAISIE!AK:AK,SAISIE!Y:Y,BILAN!B14,SAISIE!B:B,"PETIT ALU"),"") | BN14: 0.95 | BP14: 2 | BQ14: =IFERROR(AVERAGEIFS(SAISIE!AM:AM,SAISIE!Y:Y,BILAN!B14,SAISIE!B:B,"REFUS"),"") | BR14: =IFERROR(AVERAGEIFS(SAISIE!AU:AU,SAISIE!Y:Y,BILAN!B14,SAISIE!B:B,"REFUS"),"") | BS14: 0.95
B15: 3 | C15: =IFERROR(AVERAGEIFS(SAISIE!Z:Z,SAISIE!Y:Y,BILAN!B15,SAISIE!B:B,"JRM"),"") | D15: =IFERROR(AVERAGEIFS(SAISIE!AP:AP,SAISIE!Y:Y,BILAN!B15,SAISIE!B:B,"JRM"),"") | E15: 0.97 | G15: 3 | H15: =IFERROR(AVERAGEIFS(SAISIE!AA:AA,SAISIE!Y:Y,BILAN!B15,SAISIE!B:B,"EMR"),"") | I15: =IFERROR(AVERAGEIFS(SAISIE!AS:AS,SAISIE!Y:Y,BILAN!B15,SAISIE!B:B,"EMR"),"") | J15: 0.95 | L15: 3 | M15: =IFERROR(AVERAGEIFS(SAISIE!AB:AB,SAISIE!Y:Y,BILAN!B15,SAISIE!B:B,"CARTON"),"") | N15: =IFERROR(AVERAGEIFS(SAISIE!AS:AS,SAISIE!Y:Y,BILAN!B15,SAISIE!B:B,"CARTON"),"") | O15: 0.95 | Q15: 3 | R15: =IFERROR(AVERAGEIFS(SAISIE!AC:AC,SAISIE!Y:Y,BILAN!B15,SAISIE!B:B,"GM"),"") | S15: =IFERROR(AVERAGEIFS(SAISIE!AS:AS,SAISIE!Y:Y,BILAN!B15,SAISIE!B:B,"GM"),"") | T15: 0.98 | V15: 3 | W15: =IFERROR(AVERAGEIFS(SAISIE!AD:AD,SAISIE!Y:Y,BILAN!B15,SAISIE!B:B,"PETQ9"),"") | X15: =IFERROR(AVERAGEIFS(SAISIE!AF:AF,SAISIE!Y:Y,BILAN!B15,SAISIE!B:B,"PETQ9"),"") | Y15: 0.98 | AA15: 3 | AB15: =IFERROR(AVERAGEIFS(SAISIE!AE:AE,SAISIE!Y:Y,BILAN!B15,SAISIE!B:B,"FLUX DEV"),"") | AC15: =IFERROR(AVERAGEIFS(SAISIE!AD:AD,SAISIE!Y:Y,BILAN!B15,SAISIE!B:B,"FLUX DEV"),"") | AD15: 0.98 | AF15: 3 | AG15: =IFERROR(AVERAGEIFS(SAISIE!AF:AF,SAISIE!Y:Y,BILAN!B15,SAISIE!B:B,"PETB"),"") | AI15: 0.95 | AK15: 3 | AL15: =IFERROR(AVERAGEIFS(SAISIE!AG:AG,SAISIE!Y:Y,BILAN!B15,SAISIE!B:B,"PEPP"),"") | AM15: =IFERROR(AVERAGEIFS(SAISIE!AT:AT,SAISIE!Y:Y,BILAN!B15,SAISIE!B:B,"PEPP"),"") | AN15: 0.95 | AP15: 3 | AQ15: =IFERROR(AVERAGEIFS(SAISIE!AH:AH,SAISIE!Y:Y,BILAN!B15,SAISIE!B:B,"ELA"),"") | AR15: =IFERROR(AVERAGEIFS(SAISIE!AN:AN,SAISIE!Y:Y,BILAN!B15,SAISIE!B:B,"ELA"),"") | AS15: 0.95 | AT15: =IFERROR(AVERAGEIFS(SAISIE!AW:AW,SAISIE!Y:Y,BILAN!B15,SAISIE!B:B,"ELA"),"") | AV15: 3 | AW15: =IFERROR(AVERAGEIFS(SAISIE!AI:AI,SAISIE!Y:Y,BILAN!B15,SAISIE!B:B,"FILM"),"") | AX15: =IFERROR(AVERAGEIFS(SAISIE!AV:AV,SAISIE!Y:Y,BILAN!B15,SAISIE!B:B,"FILM"),"") | AY15: 0.95 | BA15: 3 | BB15: =IFERROR(AVERAGEIFS(SAISIE!AJ:AJ,SAISIE!Y:Y,BILAN!B15,SAISIE!B:B,"ACIER"),"") | BD15: 0.95 | BF15: 3 | BG15: =IFERROR(AVERAGEIFS(SAISIE!AK:AK,SAISIE!Y:Y,BILAN!B15,SAISIE!B:B,"ALU"),"") | BI15: 0.95 | BK15: 3 | BL15: =IFERROR(AVERAGEIFS(SAISIE!AL:AL,SAISIE!Y:Y,BILAN!B15,SAISIE!B:B,"PETIT ALU"),"") | BM15: =IFERROR(AVERAGEIFS(SAISIE!AK:AK,SAISIE!Y:Y,BILAN!B15,SAISIE!B:B,"PETIT ALU"),"") | BN15: 0.95 | BP15: 3 | BQ15: =IFERROR(AVERAGEIFS(SAISIE!AM:AM,SAISIE!Y:Y,BILAN!B15,SAISIE!B:B,"REFUS"),"") | BR15: =IFERROR(AVERAGEIFS(SAISIE!AU:AU,SAISIE!Y:Y,BILAN!B15,SAISIE!B:B,"REFUS"),"") | BS15: 0.95
B16: 4 | C16: =IFERROR(AVERAGEIFS(SAISIE!Z:Z,SAISIE!Y:Y,BILAN!B16,SAISIE!B:B,"JRM"),"") | D16: =IFERROR(AVERAGEIFS(SAISIE!AP:AP,SAISIE!Y:Y,BILAN!B16,SAISIE!B:B,"JRM"),"") | E16: 0.97 | G16: 4 | H16: =IFERROR(AVERAGEIFS(SAISIE!AA:AA,SAISIE!Y:Y,BILAN!B16,SAISIE!B:B,"EMR"),"") | I16: =IFERROR(AVERAGEIFS(SAISIE!AS:AS,SAISIE!Y:Y,BILAN!B16,SAISIE!B:B,"EMR"),"") | J16: 0.95 | L16: 4 | M16: =IFERROR(AVERAGEIFS(SAISIE!AB:AB,SAISIE!Y:Y,BILAN!B16,SAISIE!B:B,"CARTON"),"") | N16: =IFERROR(AVERAGEIFS(SAISIE!AS:AS,SAISIE!Y:Y,BILAN!B16,SAISIE!B:B,"CARTON"),"") | O16: 0.95 | Q16: 4 | R16: =IFERROR(AVERAGEIFS(SAISIE!AC:AC,SAISIE!Y:Y,BILAN!B16,SAISIE!B:B,"GM"),"") | S16: =IFERROR(AVERAGEIFS(SAISIE!AS:AS,SAISIE!Y:Y,BILAN!B16,SAISIE!B:B,"GM"),"") | T16: 0.98 | V16: 4 | W16: =IFERROR(AVERAGEIFS(SAISIE!AD:AD,SAISIE!Y:Y,BILAN!B16,SAISIE!B:B,"PETQ9"),"") | X16: =IFERROR(AVERAGEIFS(SAISIE!AF:AF,SAISIE!Y:Y,BILAN!B16,SAISIE!B:B,"PETQ9"),"") | Y16: 0.98 | AA16: 4 | AB16: =IFERROR(AVERAGEIFS(SAISIE!AE:AE,SAISIE!Y:Y,BILAN!B16,SAISIE!B:B,"FLUX DEV"),"") | AC16: =IFERROR(AVERAGEIFS(SAISIE!AD:AD,SAISIE!Y:Y,BILAN!B16,SAISIE!B:B,"FLUX DEV"),"") | AD16: 0.98 | AF16: 4 | AG16: =IFERROR(AVERAGEIFS(SAISIE!AF:AF,SAISIE!Y:Y,BILAN!B16,SAISIE!B:B,"PETB"),"") | AI16: 0.95 | AK16: 4 | AL16: =IFERROR(AVERAGEIFS(SAISIE!AG:AG,SAISIE!Y:Y,BILAN!B16,SAISIE!B:B,"PEPP"),"") | AM16: =IFERROR(AVERAGEIFS(SAISIE!AT:AT,SAISIE!Y:Y,BILAN!B16,SAISIE!B:B,"PEPP"),"") | AN16: 0.95 | AP16: 4 | AQ16: =IFERROR(AVERAGEIFS(SAISIE!AH:AH,SAISIE!Y:Y,BILAN!B16,SAISIE!B:B,"ELA"),"") | AR16: =IFERROR(AVERAGEIFS(SAISIE!AN:AN,SAISIE!Y:Y,BILAN!B16,SAISIE!B:B,"ELA"),"") | AS16: 0.95 | AT16: =IFERROR(AVERAGEIFS(SAISIE!AW:AW,SAISIE!Y:Y,BILAN!B16,SAISIE!B:B,"ELA"),"") | AV16: 4 | AW16: =IFERROR(AVERAGEIFS(SAISIE!AI:AI,SAISIE!Y:Y,BILAN!B16,SAISIE!B:B,"FILM"),"") | AX16: =IFERROR(AVERAGEIFS(SAISIE!AV:AV,SAISIE!Y:Y,BILAN!B16,SAISIE!B:B,"FILM"),"") | AY16: 0.95 | BA16: 4 | BB16: =IFERROR(AVERAGEIFS(SAISIE!AJ:AJ,SAISIE!Y:Y,BILAN!B16,SAISIE!B:B,"ACIER"),"") | BD16: 0.95 | BF16: 4 | BG16: =IFERROR(AVERAGEIFS(SAISIE!AK:AK,SAISIE!Y:Y,BILAN!B16,SAISIE!B:B,"ALU"),"") | BI16: 0.95 | BK16: 4 | BL16: =IFERROR(AVERAGEIFS(SAISIE!AL:AL,SAISIE!Y:Y,BILAN!B16,SAISIE!B:B,"PETIT ALU"),"") | BM16: =IFERROR(AVERAGEIFS(SAISIE!AK:AK,SAISIE!Y:Y,BILAN!B16,SAISIE!B:B,"PETIT ALU"),"") | BN16: 0.95 | BP16: 4 | BQ16: =IFERROR(AVERAGEIFS(SAISIE!AM:AM,SAISIE!Y:Y,BILAN!B16,SAISIE!B:B,"REFUS"),"") | BR16: =IFERROR(AVERAGEIFS(SAISIE!AU:AU,SAISIE!Y:Y,BILAN!B16,SAISIE!B:B,"REFUS"),"") | BS16: 0.95
B17: 5 | C17: =IFERROR(AVERAGEIFS(SAISIE!Z:Z,SAISIE!Y:Y,BILAN!B17,SAISIE!B:B,"JRM"),"") | D17: =IFERROR(AVERAGEIFS(SAISIE!AP:AP,SAISIE!Y:Y,BILAN!B17,SAISIE!B:B,"JRM"),"") | E17: 0.97 | G17: 5 | H17: =IFERROR(AVERAGEIFS(SAISIE!AA:AA,SAISIE!Y:Y,BILAN!B17,SAISIE!B:B,"EMR"),"") | I17: =IFERROR(AVERAGEIFS(SAISIE!AS:AS,SAISIE!Y:Y,BILAN!B17,SAISIE!B:B,"EMR"),"") | J17: 0.95 | L17: 5 | M17: =IFERROR(AVERAGEIFS(SAISIE!AB:AB,SAISIE!Y:Y,BILAN!B17,SAISIE!B:B,"CARTON"),"") | N17: =IFERROR(AVERAGEIFS(SAISIE!AS:AS,SAISIE!Y:Y,BILAN!B17,SAISIE!B:B,"CARTON"),"") | O17: 0.95 | Q17: 5 | R17: =IFERROR(AVERAGEIFS(SAISIE!AC:AC,SAISIE!Y:Y,BILAN!B17,SAISIE!B:B,"GM"),"") | S17: =IFERROR(AVERAGEIFS(SAISIE!AS:AS,SAISIE!Y:Y,BILAN!B17,SAISIE!B:B,"GM"),"") | T17: 0.98 | V17: 5 | W17: =IFERROR(AVERAGEIFS(SAISIE!AD:AD,SAISIE!Y:Y,BILAN!B17,SAISIE!B:B,"PETQ9"),"") | X17: =IFERROR(AVERAGEIFS(SAISIE!AF:AF,SAISIE!Y:Y,BILAN!B17,SAISIE!B:B,"PETQ9"),"") | Y17: 0.98 | AA17: 5 | AB17: =IFERROR(AVERAGEIFS(SAISIE!AE:AE,SAISIE!Y:Y,BILAN!B17,SAISIE!B:B,"FLUX DEV"),"") | AC17: =IFERROR(AVERAGEIFS(SAISIE!AD:AD,SAISIE!Y:Y,BILAN!B17,SAISIE!B:B,"FLUX DEV"),"") | AD17: 0.98 | AF17: 5 | AG17: =IFERROR(AVERAGEIFS(SAISIE!AF:AF,SAISIE!Y:Y,BILAN!B17,SAISIE!B:B,"PETB"),"") | AI17: 0.95 | AK17: 5 | AL17: =IFERROR(AVERAGEIFS(SAISIE!AG:AG,SAISIE!Y:Y,BILAN!B17,SAISIE!B:B,"PEPP"),"") | AM17: =IFERROR(AVERAGEIFS(SAISIE!AT:AT,SAISIE!Y:Y,BILAN!B17,SAISIE!B:B,"PEPP"),"") | AN17: 0.95 | AP17: 5 | AQ17: =IFERROR(AVERAGEIFS(SAISIE!AH:AH,SAISIE!Y:Y,BILAN!B17,SAISIE!B:B,"ELA"),"") | AR17: =IFERROR(AVERAGEIFS(SAISIE!AN:AN,SAISIE!Y:Y,BILAN!B17,SAISIE!B:B,"ELA"),"") | AS17: 0.95 | AT17: =IFERROR(AVERAGEIFS(SAISIE!AW:AW,SAISIE!Y:Y,BILAN!B17,SAISIE!B:B,"ELA"),"") | AV17: 5 | AW17: =IFERROR(AVERAGEIFS(SAISIE!AI:AI,SAISIE!Y:Y,BILAN!B17,SAISIE!B:B,"FILM"),"") | AX17: =IFERROR(AVERAGEIFS(SAISIE!AV:AV,SAISIE!Y:Y,BILAN!B17,SAISIE!B:B,"FILM"),"") | AY17: 0.95 | BA17: 5 | BB17: =IFERROR(AVERAGEIFS(SAISIE!AJ:AJ,SAISIE!Y:Y,BILAN!B17,SAISIE!B:B,"ACIER"),"") | BD17: 0.95 | BF17: 5 | BG17: =IFERROR(AVERAGEIFS(SAISIE!AK:AK,SAISIE!Y:Y,BILAN!B17,SAISIE!B:B,"ALU"),"") | BI17: 0.95 | BK17: 5 | BL17: =IFERROR(AVERAGEIFS(SAISIE!AL:AL,SAISIE!Y:Y,BILAN!B17,SAISIE!B:B,"PETIT ALU"),"") | BM17: =IFERROR(AVERAGEIFS(SAISIE!AK:AK,SAISIE!Y:Y,BILAN!B17,SAISIE!B:B,"PETIT ALU"),"") | BN17: 0.95 | BP17: 5 | BQ17: =IFERROR(AVERAGEIFS(SAISIE!AM:AM,SAISIE!Y:Y,BILAN!B17,SAISIE!B:B,"REFUS"),"") | BR17: =IFERROR(AVERAGEIFS(SAISIE!AU:AU,SAISIE!Y:Y,BILAN!B17,SAISIE!B:B,"REFUS"),"") | BS17: 0.95
B18: 6 | C18: =IFERROR(AVERAGEIFS(SAISIE!Z:Z,SAISIE!Y:Y,BILAN!B18,SAISIE!B:B,"JRM"),"") | D18: =IFERROR(AVERAGEIFS(SAISIE!AP:AP,SAISIE!Y:Y,BILAN!B18,SAISIE!B:B,"JRM"),"") | E18: 0.97 | G18: 6 | H18: =IFERROR(AVERAGEIFS(SAISIE!AA:AA,SAISIE!Y:Y,BILAN!B18,SAISIE!B:B,"EMR"),"") | I18: =IFERROR(AVERAGEIFS(SAISIE!AS:AS,SAISIE!Y:Y,BILAN!B18,SAISIE!B:B,"EMR"),"") | J18: 0.95 | L18: 6 | M18: =IFERROR(AVERAGEIFS(SAISIE!AB:AB,SAISIE!Y:Y,BILAN!B18,SAISIE!B:B,"CARTON"),"") | N18: =IFERROR(AVERAGEIFS(SAISIE!AS:AS,SAISIE!Y:Y,BILAN!B18,SAISIE!B:B,"CARTON"),"") | O18: 0.95 | Q18: 6 | R18: =IFERROR(AVERAGEIFS(SAISIE!AC:AC,SAISIE!Y:Y,BILAN!B18,SAISIE!B:B,"GM"),"") | S18: =IFERROR(AVERAGEIFS(SAISIE!AS:AS,SAISIE!Y:Y,BILAN!B18,SAISIE!B:B,"GM"),"") | T18: 0.98 | V18: 6 | W18: =IFERROR(AVERAGEIFS(SAISIE!AD:AD,SAISIE!Y:Y,BILAN!B18,SAISIE!B:B,"PETQ9"),"") | X18: =IFERROR(AVERAGEIFS(SAISIE!AF:AF,SAISIE!Y:Y,BILAN!B18,SAISIE!B:B,"PETQ9"),"") | Y18: 0.98 | AA18: 6 | AB18: =IFERROR(AVERAGEIFS(SAISIE!AE:AE,SAISIE!Y:Y,BILAN!B18,SAISIE!B:B,"FLUX DEV"),"") | AC18: =IFERROR(AVERAGEIFS(SAISIE!AD:AD,SAISIE!Y:Y,BILAN!B18,SAISIE!B:B,"FLUX DEV"),"") | AD18: 0.98 | AF18: 6 | AG18: =IFERROR(AVERAGEIFS(SAISIE!AF:AF,SAISIE!Y:Y,BILAN!B18,SAISIE!B:B,"PETB"),"") | AI18: 0.95 | AK18: 6 | AL18: =IFERROR(AVERAGEIFS(SAISIE!AG:AG,SAISIE!Y:Y,BILAN!B18,SAISIE!B:B,"PEPP"),"") | AM18: =IFERROR(AVERAGEIFS(SAISIE!AT:AT,SAISIE!Y:Y,BILAN!B18,SAISIE!B:B,"PEPP"),"") | AN18: 0.95 | AP18: 6 | AQ18: =IFERROR(AVERAGEIFS(SAISIE!AH:AH,SAISIE!Y:Y,BILAN!B18,SAISIE!B:B,"ELA"),"") | AR18: =IFERROR(AVERAGEIFS(SAISIE!AN:AN,SAISIE!Y:Y,BILAN!B18,SAISIE!B:B,"ELA"),"") | AS18: 0.95 | AT18: =IFERROR(AVERAGEIFS(SAISIE!AW:AW,SAISIE!Y:Y,BILAN!B18,SAISIE!B:B,"ELA"),"") | AV18: 6 | AW18: =IFERROR(AVERAGEIFS(SAISIE!AI:AI,SAISIE!Y:Y,BILAN!B18,SAISIE!B:B,"FILM"),"") | AX18: =IFERROR(AVERAGEIFS(SAISIE!AV:AV,SAISIE!Y:Y,BILAN!B18,SAISIE!B:B,"FILM"),"") | AY18: 0.95 | BA18: 6 | BB18: =IFERROR(AVERAGEIFS(SAISIE!AJ:AJ,SAISIE!Y:Y,BILAN!B18,SAISIE!B:B,"ACIER"),"") | BD18: 0.95 | BF18: 6 | BG18: =IFERROR(AVERAGEIFS(SAISIE!AK:AK,SAISIE!Y:Y,BILAN!B18,SAISIE!B:B,"ALU"),"") | BI18: 0.95 | BK18: 6 | BL18: =IFERROR(AVERAGEIFS(SAISIE!AL:AL,SAISIE!Y:Y,BILAN!B18,SAISIE!B:B,"PETIT ALU"),"") | BM18: =IFERROR(AVERAGEIFS(SAISIE!AK:AK,SAISIE!Y:Y,BILAN!B18,SAISIE!B:B,"PETIT ALU"),"") | BN18: 0.95 | BP18: 6 | BQ18: =IFERROR(AVERAGEIFS(SAISIE!AM:AM,SAISIE!Y:Y,BILAN!B18,SAISIE!B:B,"REFUS"),"") | BR18: =IFERROR(AVERAGEIFS(SAISIE!AU:AU,SAISIE!Y:Y,BILAN!B18,SAISIE!B:B,"REFUS"),"") | BS18: 0.95
B19: 7 | C19: =IFERROR(AVERAGEIFS(SAISIE!Z:Z,SAISIE!Y:Y,BILAN!B19,SAISIE!B:B,"JRM"),"") | D19: =IFERROR(AVERAGEIFS(SAISIE!AP:AP,SAISIE!Y:Y,BILAN!B19,SAISIE!B:B,"JRM"),"") | E19: 0.97 | G19: 7 | H19: =IFERROR(AVERAGEIFS(SAISIE!AA:AA,SAISIE!Y:Y,BILAN!B19,SAISIE!B:B,"EMR"),"") | I19: =IFERROR(AVERAGEIFS(SAISIE!AS:AS,SAISIE!Y:Y,BILAN!B19,SAISIE!B:B,"EMR"),"") | J19: 0.95 | L19: 7 | M19: =IFERROR(AVERAGEIFS(SAISIE!AB:AB,SAISIE!Y:Y,BILAN!B19,SAISIE!B:B,"CARTON"),"") | N19: =IFERROR(AVERAGEIFS(SAISIE!AS:AS,SAISIE!Y:Y,BILAN!B19,SAISIE!B:B,"CARTON"),"") | O19: 0.95 | Q19: 7 | R19: =IFERROR(AVERAGEIFS(SAISIE!AC:AC,SAISIE!Y:Y,BILAN!B19,SAISIE!B:B,"GM"),"") | S19: =IFERROR(AVERAGEIFS(SAISIE!AS:AS,SAISIE!Y:Y,BILAN!B19,SAISIE!B:B,"GM"),"") | T19: 0.98 | V19: 7 | W19: =IFERROR(AVERAGEIFS(SAISIE!AD:AD,SAISIE!Y:Y,BILAN!B19,SAISIE!B:B,"PETQ9"),"") | X19: =IFERROR(AVERAGEIFS(SAISIE!AF:AF,SAISIE!Y:Y,BILAN!B19,SAISIE!B:B,"PETQ9"),"") | Y19: 0.98 | AA19: 7 | AB19: =IFERROR(AVERAGEIFS(SAISIE!AE:AE,SAISIE!Y:Y,BILAN!B19,SAISIE!B:B,"FLUX DEV"),"") | AC19: =IFERROR(AVERAGEIFS(SAISIE!AD:AD,SAISIE!Y:Y,BILAN!B19,SAISIE!B:B,"FLUX DEV"),"") | AD19: 0.98 | AF19: 7 | AG19: =IFERROR(AVERAGEIFS(SAISIE!AF:AF,SAISIE!Y:Y,BILAN!B19,SAISIE!B:B,"PETB"),"") | AI19: 0.95 | AK19: 7 | AL19: =IFERROR(AVERAGEIFS(SAISIE!AG:AG,SAISIE!Y:Y,BILAN!B19,SAISIE!B:B,"PEPP"),"") | AM19: =IFERROR(AVERAGEIFS(SAISIE!AT:AT,SAISIE!Y:Y,BILAN!B19,SAISIE!B:B,"PEPP"),"") | AN19: 0.95 | AP19: 7 | AQ19: =IFERROR(AVERAGEIFS(SAISIE!AH:AH,SAISIE!Y:Y,BILAN!B19,SAISIE!B:B,"ELA"),"") | AR19: =IFERROR(AVERAGEIFS(SAISIE!AN:AN,SAISIE!Y:Y,BILAN!B19,SAISIE!B:B,"ELA"),"") | AS19: 0.95 | AT19: =IFERROR(AVERAGEIFS(SAISIE!AW:AW,SAISIE!Y:Y,BILAN!B19,SAISIE!B:B,"ELA"),"") | AV19: 7 | AW19: =IFERROR(AVERAGEIFS(SAISIE!AI:AI,SAISIE!Y:Y,BILAN!B19,SAISIE!B:B,"FILM"),"") | AX19: =IFERROR(AVERAGEIFS(SAISIE!AV:AV,SAISIE!Y:Y,BILAN!B19,SAISIE!B:B,"FILM"),"") | AY19: 0.95 | BA19: 7 | BB19: =IFERROR(AVERAGEIFS(SAISIE!AJ:AJ,SAISIE!Y:Y,BILAN!B19,SAISIE!B:B,"ACIER"),"") | BD19: 0.95 | BF19: 7 | BG19: =IFERROR(AVERAGEIFS(SAISIE!AK:AK,SAISIE!Y:Y,BILAN!B19,SAISIE!B:B,"ALU"),"") | BI19: 0.95 | BK19: 7 | BL19: =IFERROR(AVERAGEIFS(SAISIE!AL:AL,SAISIE!Y:Y,BILAN!B19,SAISIE!B:B,"PETIT ALU"),"") | BM19: =IFERROR(AVERAGEIFS(SAISIE!AK:AK,SAISIE!Y:Y,BILAN!B19,SAISIE!B:B,"PETIT ALU"),"") | BN19: 0.95 | BP19: 7 | BQ19: =IFERROR(AVERAGEIFS(SAISIE!AM:AM,SAISIE!Y:Y,BILAN!B19,SAISIE!B:B,"REFUS"),"") | BR19: =IFERROR(AVERAGEIFS(SAISIE!AU:AU,SAISIE!Y:Y,BILAN!B19,SAISIE!B:B,"REFUS"),"") | BS19: 0.95
B20: 8 | C20: =IFERROR(AVERAGEIFS(SAISIE!Z:Z,SAISIE!Y:Y,BILAN!B20,SAISIE!B:B,"JRM"),"") | D20: =IFERROR(AVERAGEIFS(SAISIE!AP:AP,SAISIE!Y:Y,BILAN!B20,SAISIE!B:B,"JRM"),"") | E20: 0.97 | G20: 8 | H20: =IFERROR(AVERAGEIFS(SAISIE!AA:AA,SAISIE!Y:Y,BILAN!B20,SAISIE!B:B,"EMR"),"") | I20: =IFERROR(AVERAGEIFS(SAISIE!AS:AS,SAISIE!Y:Y,BILAN!B20,SAISIE!B:B,"EMR"),"") | J20: 0.95 | L20: 8 | M20: =IFERROR(AVERAGEIFS(SAISIE!AB:AB,SAISIE!Y:Y,BILAN!B20,SAISIE!B:B,"CARTON"),"") | N20: =IFERROR(AVERAGEIFS(SAISIE!AS:AS,SAISIE!Y:Y,BILAN!B20,SAISIE!B:B,"CARTON"),"") | O20: 0.95 | Q20: 8 | R20: =IFERROR(AVERAGEIFS(SAISIE!AC:AC,SAISIE!Y:Y,BILAN!B20,SAISIE!B:B,"GM"),"") | S20: =IFERROR(AVERAGEIFS(SAISIE!AS:AS,SAISIE!Y:Y,BILAN!B20,SAISIE!B:B,"GM"),"") | T20: 0.98 | V20: 8 | W20: =IFERROR(AVERAGEIFS(SAISIE!AD:AD,SAISIE!Y:Y,BILAN!B20,SAISIE!B:B,"PETQ9"),"") | X20: =IFERROR(AVERAGEIFS(SAISIE!AF:AF,SAISIE!Y:Y,BILAN!B20,SAISIE!B:B,"PETQ9"),"") | Y20: 0.98 | AA20: 8 | AB20: =IFERROR(AVERAGEIFS(SAISIE!AE:AE,SAISIE!Y:Y,BILAN!B20,SAISIE!B:B,"FLUX DEV"),"") | AC20: =IFERROR(AVERAGEIFS(SAISIE!AD:AD,SAISIE!Y:Y,BILAN!B20,SAISIE!B:B,"FLUX DEV"),"") | AD20: 0.98 | AF20: 8 | AG20: =IFERROR(AVERAGEIFS(SAISIE!AF:AF,SAISIE!Y:Y,BILAN!B20,SAISIE!B:B,"PETB"),"") | AI20: 0.95 | AK20: 8 | AL20: =IFERROR(AVERAGEIFS(SAISIE!AG:AG,SAISIE!Y:Y,BILAN!B20,SAISIE!B:B,"PEPP"),"") | AM20: =IFERROR(AVERAGEIFS(SAISIE!AT:AT,SAISIE!Y:Y,BILAN!B20,SAISIE!B:B,"PEPP"),"") | AN20: 0.95 | AP20: 8 | AQ20: =IFERROR(AVERAGEIFS(SAISIE!AH:AH,SAISIE!Y:Y,BILAN!B20,SAISIE!B:B,"ELA"),"") | AR20: =IFERROR(AVERAGEIFS(SAISIE!AN:AN,SAISIE!Y:Y,BILAN!B20,SAISIE!B:B,"ELA"),"") | AS20: 0.95 | AT20: =IFERROR(AVERAGEIFS(SAISIE!AW:AW,SAISIE!Y:Y,BILAN!B20,SAISIE!B:B,"ELA"),"") | AV20: 8 | AW20: =IFERROR(AVERAGEIFS(SAISIE!AI:AI,SAISIE!Y:Y,BILAN!B20,SAISIE!B:B,"FILM"),"") | AX20: =IFERROR(AVERAGEIFS(SAISIE!AV:AV,SAISIE!Y:Y,BILAN!B20,SAISIE!B:B,"FILM"),"") | AY20: 0.95 | BA20: 8 | BB20: =IFERROR(AVERAGEIFS(SAISIE!AJ:AJ,SAISIE!Y:Y,BILAN!B20,SAISIE!B:B,"ACIER"),"") | BD20: 0.95 | BF20: 8 | BG20: =IFERROR(AVERAGEIFS(SAISIE!AK:AK,SAISIE!Y:Y,BILAN!B20,SAISIE!B:B,"ALU"),"") | BI20: 0.95 | BK20: 8 | BL20: =IFERROR(AVERAGEIFS(SAISIE!AL:AL,SAISIE!Y:Y,BILAN!B20,SAISIE!B:B,"PETIT ALU"),"") | BM20: =IFERROR(AVERAGEIFS(SAISIE!AK:AK,SAISIE!Y:Y,BILAN!B20,SAISIE!B:B,"PETIT ALU"),"") | BN20: 0.95 | BP20: 8 | BQ20: =IFERROR(AVERAGEIFS(SAISIE!AM:AM,SAISIE!Y:Y,BILAN!B20,SAISIE!B:B,"REFUS"),"") | BR20: =IFERROR(AVERAGEIFS(SAISIE!AU:AU,SAISIE!Y:Y,BILAN!B20,SAISIE!B:B,"REFUS"),"") | BS20: 0.95
B21: 9 | C21: =IFERROR(AVERAGEIFS(SAISIE!Z:Z,SAISIE!Y:Y,BILAN!B21,SAISIE!B:B,"JRM"),"") | D21: =IFERROR(AVERAGEIFS(SAISIE!AP:AP,SAISIE!Y:Y,BILAN!B21,SAISIE!B:B,"JRM"),"") | E21: 0.97 | G21: 9 | H21: =IFERROR(AVERAGEIFS(SAISIE!AA:AA,SAISIE!Y:Y,BILAN!B21,SAISIE!B:B,"EMR"),"") | I21: =IFERROR(AVERAGEIFS(SAISIE!AS:AS,SAISIE!Y:Y,BILAN!B21,SAISIE!B:B,"EMR"),"") | J21: 0.95 | L21: 9 | M21: =IFERROR(AVERAGEIFS(SAISIE!AB:AB,SAISIE!Y:Y,BILAN!B21,SAISIE!B:B,"CARTON"),"") | N21: =IFERROR(AVERAGEIFS(SAISIE!AS:AS,SAISIE!Y:Y,BILAN!B21,SAISIE!B:B,"CARTON"),"") | O21: 0.95 | Q21: 9 | R21: =IFERROR(AVERAGEIFS(SAISIE!AC:AC,SAISIE!Y:Y,BILAN!B21,SAISIE!B:B,"GM"),"") | S21: =IFERROR(AVERAGEIFS(SAISIE!AS:AS,SAISIE!Y:Y,BILAN!B21,SAISIE!B:B,"GM"),"") | T21: 0.98 | V21: 9 | W21: =IFERROR(AVERAGEIFS(SAISIE!AD:AD,SAISIE!Y:Y,BILAN!B21,SAISIE!B:B,"PETQ9"),"") | X21: =IFERROR(AVERAGEIFS(SAISIE!AF:AF,SAISIE!Y:Y,BILAN!B21,SAISIE!B:B,"PETQ9"),"") | Y21: 0.98 | AA21: 9 | AB21: =IFERROR(AVERAGEIFS(SAISIE!AE:AE,SAISIE!Y:Y,BILAN!B21,SAISIE!B:B,"FLUX DEV"),"") | AC21: =IFERROR(AVERAGEIFS(SAISIE!AD:AD,SAISIE!Y:Y,BILAN!B21,SAISIE!B:B,"FLUX DEV"),"") | AD21: 0.98 | AF21: 9 | AG21: =IFERROR(AVERAGEIFS(SAISIE!AF:AF,SAISIE!Y:Y,BILAN!B21,SAISIE!B:B,"PETB"),"") | AI21: 0.95 | AK21: 9 | AL21: =IFERROR(AVERAGEIFS(SAISIE!AG:AG,SAISIE!Y:Y,BILAN!B21,SAISIE!B:B,"PEPP"),"") | AM21: =IFERROR(AVERAGEIFS(SAISIE!AT:AT,SAISIE!Y:Y,BILAN!B21,SAISIE!B:B,"PEPP"),"") | AN21: 0.95 | AP21: 9 | AQ21: =IFERROR(AVERAGEIFS(SAISIE!AH:AH,SAISIE!Y:Y,BILAN!B21,SAISIE!B:B,"ELA"),"") | AR21: =IFERROR(AVERAGEIFS(SAISIE!AN:AN,SAISIE!Y:Y,BILAN!B21,SAISIE!B:B,"ELA"),"") | AS21: 0.95 | AT21: =IFERROR(AVERAGEIFS(SAISIE!AW:AW,SAISIE!Y:Y,BILAN!B21,SAISIE!B:B,"ELA"),"") | AV21: 9 | AW21: =IFERROR(AVERAGEIFS(SAISIE!AI:AI,SAISIE!Y:Y,BILAN!B21,SAISIE!B:B,"FILM"),"") | AX21: =IFERROR(AVERAGEIFS(SAISIE!AV:AV,SAISIE!Y:Y,BILAN!B21,SAISIE!B:B,"FILM"),"") | AY21: 0.95 | BA21: 9 | BB21: =IFERROR(AVERAGEIFS(SAISIE!AJ:AJ,SAISIE!Y:Y,BILAN!B21,SAISIE!B:B,"ACIER"),"") | BD21: 0.95 | BF21: 9 | BG21: =IFERROR(AVERAGEIFS(SAISIE!AK:AK,SAISIE!Y:Y,BILAN!B21,SAISIE!B:B,"ALU"),"") | BI21: 0.95 | BK21: 9 | BL21: =IFERROR(AVERAGEIFS(SAISIE!AL:AL,SAISIE!Y:Y,BILAN!B21,SAISIE!B:B,"PETIT ALU"),"") | BM21: =IFERROR(AVERAGEIFS(SAISIE!AK:AK,SAISIE!Y:Y,BILAN!B21,SAISIE!B:B,"PETIT ALU"),"") | BN21: 0.95 | BP21: 9 | BQ21: =IFERROR(AVERAGEIFS(SAISIE!AM:AM,SAISIE!Y:Y,BILAN!B21,SAISIE!B:B,"REFUS"),"") | BR21: =IFERROR(AVERAGEIFS(SAISIE!AU:AU,SAISIE!Y:Y,BILAN!B21,SAISIE!B:B,"REFUS"),"") | BS21: 0.95
B22: 10 | C22: =IFERROR(AVERAGEIFS(SAISIE!Z:Z,SAISIE!Y:Y,BILAN!B22,SAISIE!B:B,"JRM"),"") | D22: =IFERROR(AVERAGEIFS(SAISIE!AP:AP,SAISIE!Y:Y,BILAN!B22,SAISIE!B:B,"JRM"),"") | E22: 0.97 | G22: 10 | H22: =IFERROR(AVERAGEIFS(SAISIE!AA:AA,SAISIE!Y:Y,BILAN!B22,SAISIE!B:B,"EMR"),"") | I22: =IFERROR(AVERAGEIFS(SAISIE!AS:AS,SAISIE!Y:Y,BILAN!B22,SAISIE!B:B,"EMR"),"") | J22: 0.95 | L22: 10 | M22: =IFERROR(AVERAGEIFS(SAISIE!AB:AB,SAISIE!Y:Y,BILAN!B22,SAISIE!B:B,"CARTON"),"") | N22: =IFERROR(AVERAGEIFS(SAISIE!AS:AS,SAISIE!Y:Y,BILAN!B22,SAISIE!B:B,"CARTON"),"") | O22: 0.95 | Q22: 10 | R22: =IFERROR(AVERAGEIFS(SAISIE!AC:AC,SAISIE!Y:Y,BILAN!B22,SAISIE!B:B,"GM"),"") | S22: =IFERROR(AVERAGEIFS(SAISIE!AS:AS,SAISIE!Y:Y,BILAN!B22,SAISIE!B:B,"GM"),"") | T22: 0.98 | V22: 10 | W22: =IFERROR(AVERAGEIFS(SAISIE!AD:AD,SAISIE!Y:Y,BILAN!B22,SAISIE!B:B,"PETQ9"),"") | X22: =IFERROR(AVERAGEIFS(SAISIE!AF:AF,SAISIE!Y:Y,BILAN!B22,SAISIE!B:B,"PETQ9"),"") | Y22: 0.98 | AA22: 10 | AB22: =IFERROR(AVERAGEIFS(SAISIE!AE:AE,SAISIE!Y:Y,BILAN!B22,SAISIE!B:B,"FLUX DEV"),"") | AC22: =IFERROR(AVERAGEIFS(SAISIE!AD:AD,SAISIE!Y:Y,BILAN!B22,SAISIE!B:B,"FLUX DEV"),"") | AD22: 0.98 | AF22: 10 | AG22: =IFERROR(AVERAGEIFS(SAISIE!AF:AF,SAISIE!Y:Y,BILAN!B22,SAISIE!B:B,"PETB"),"") | AI22: 0.95 | AK22: 10 | AL22: =IFERROR(AVERAGEIFS(SAISIE!AG:AG,SAISIE!Y:Y,BILAN!B22,SAISIE!B:B,"PEPP"),"") | AM22: =IFERROR(AVERAGEIFS(SAISIE!AT:AT,SAISIE!Y:Y,BILAN!B22,SAISIE!B:B,"PEPP"),"") | AN22: 0.95 | AP22: 10 | AQ22: =IFERROR(AVERAGEIFS(SAISIE!AH:AH,SAISIE!Y:Y,BILAN!B22,SAISIE!B:B,"ELA"),"") | AR22: =IFERROR(AVERAGEIFS(SAISIE!AN:AN,SAISIE!Y:Y,BILAN!B22,SAISIE!B:B,"ELA"),"") | AS22: 0.95 | AT22: =IFERROR(AVERAGEIFS(SAISIE!AW:AW,SAISIE!Y:Y,BILAN!B22,SAISIE!B:B,"ELA"),"") | AV22: 10 | AW22: =IFERROR(AVERAGEIFS(SAISIE!AI:AI,SAISIE!Y:Y,BILAN!B22,SAISIE!B:B,"FILM"),"") | AX22: =IFERROR(AVERAGEIFS(SAISIE!AV:AV,SAISIE!Y:Y,BILAN!B22,SAISIE!B:B,"FILM"),"") | AY22: 0.95 | BA22: 10 | BB22: =IFERROR(AVERAGEIFS(SAISIE!AJ:AJ,SAISIE!Y:Y,BILAN!B22,SAISIE!B:B,"ACIER"),"") | BD22: 0.95 | BF22: 10 | BG22: =IFERROR(AVERAGEIFS(SAISIE!AK:AK,SAISIE!Y:Y,BILAN!B22,SAISIE!B:B,"ALU"),"") | BI22: 0.95 | BK22: 10 | BL22: =IFERROR(AVERAGEIFS(SAISIE!AL:AL,SAISIE!Y:Y,BILAN!B22,SAISIE!B:B,"PETIT ALU"),"") | BM22: =IFERROR(AVERAGEIFS(SAISIE!AK:AK,SAISIE!Y:Y,BILAN!B22,SAISIE!B:B,"PETIT ALU"),"") | BN22: 0.95 | BP22: 10 | BQ22: =IFERROR(AVERAGEIFS(SAISIE!AM:AM,SAISIE!Y:Y,BILAN!B22,SAISIE!B:B,"REFUS"),"") | BR22: =IFERROR(AVERAGEIFS(SAISIE!AU:AU,SAISIE!Y:Y,BILAN!B22,SAISIE!B:B,"REFUS"),"") | BS22: 0.95
B23: 11 | C23: =IFERROR(AVERAGEIFS(SAISIE!Z:Z,SAISIE!Y:Y,BILAN!B23,SAISIE!B:B,"JRM"),"") | D23: =IFERROR(AVERAGEIFS(SAISIE!AP:AP,SAISIE!Y:Y,BILAN!B23,SAISIE!B:B,"JRM"),"") | E23: 0.97 | G23: 11 | H23: =IFERROR(AVERAGEIFS(SAISIE!AA:AA,SAISIE!Y:Y,BILAN!B23,SAISIE!B:B,"EMR"),"") | I23: =IFERROR(AVERAGEIFS(SAISIE!AS:AS,SAISIE!Y:Y,BILAN!B23,SAISIE!B:B,"EMR"),"") | J23: 0.95 | L23: 11 | M23: =IFERROR(AVERAGEIFS(SAISIE!AB:AB,SAISIE!Y:Y,BILAN!B23,SAISIE!B:B,"CARTON"),"") | N23: =IFERROR(AVERAGEIFS(SAISIE!AS:AS,SAISIE!Y:Y,BILAN!B23,SAISIE!B:B,"CARTON"),"") | O23: 0.95 | Q23: 11 | R23: =IFERROR(AVERAGEIFS(SAISIE!AC:AC,SAISIE!Y:Y,BILAN!B23,SAISIE!B:B,"GM"),"") | S23: =IFERROR(AVERAGEIFS(SAISIE!AS:AS,SAISIE!Y:Y,BILAN!B23,SAISIE!B:B,"GM"),"") | T23: 0.98 | V23: 11 | W23: =IFERROR(AVERAGEIFS(SAISIE!AD:AD,SAISIE!Y:Y,BILAN!B23,SAISIE!B:B,"PETQ9"),"") | X23: =IFERROR(AVERAGEIFS(SAISIE!AF:AF,SAISIE!Y:Y,BILAN!B23,SAISIE!B:B,"PETQ9"),"") | Y23: 0.98 | AA23: 11 | AB23: =IFERROR(AVERAGEIFS(SAISIE!AE:AE,SAISIE!Y:Y,BILAN!B23,SAISIE!B:B,"FLUX DEV"),"") | AC23: =IFERROR(AVERAGEIFS(SAISIE!AD:AD,SAISIE!Y:Y,BILAN!B23,SAISIE!B:B,"FLUX DEV"),"") | AD23: 0.98 | AF23: 11 | AG23: =IFERROR(AVERAGEIFS(SAISIE!AF:AF,SAISIE!Y:Y,BILAN!B23,SAISIE!B:B,"PETB"),"") | AI23: 0.95 | AK23: 11 | AL23: =IFERROR(AVERAGEIFS(SAISIE!AG:AG,SAISIE!Y:Y,BILAN!B23,SAISIE!B:B,"PEPP"),"") | AM23: =IFERROR(AVERAGEIFS(SAISIE!AT:AT,SAISIE!Y:Y,BILAN!B23,SAISIE!B:B,"PEPP"),"") | AN23: 0.95 | AP23: 11 | AQ23: =IFERROR(AVERAGEIFS(SAISIE!AH:AH,SAISIE!Y:Y,BILAN!B23,SAISIE!B:B,"ELA"),"") | AR23: =IFERROR(AVERAGEIFS(SAISIE!AN:AN,SAISIE!Y:Y,BILAN!B23,SAISIE!B:B,"ELA"),"") | AS23: 0.95 | AT23: =IFERROR(AVERAGEIFS(SAISIE!AW:AW,SAISIE!Y:Y,BILAN!B23,SAISIE!B:B,"ELA"),"") | AV23: 11 | AW23: =IFERROR(AVERAGEIFS(SAISIE!AI:AI,SAISIE!Y:Y,BILAN!B23,SAISIE!B:B,"FILM"),"") | AX23: =IFERROR(AVERAGEIFS(SAISIE!AV:AV,SAISIE!Y:Y,BILAN!B23,SAISIE!B:B,"FILM"),"") | AY23: 0.95 | BA23: 11 | BB23: =IFERROR(AVERAGEIFS(SAISIE!AJ:AJ,SAISIE!Y:Y,BILAN!B23,SAISIE!B:B,"ACIER"),"") | BD23: 0.95 | BF23: 11 | BG23: =IFERROR(AVERAGEIFS(SAISIE!AK:AK,SAISIE!Y:Y,BILAN!B23,SAISIE!B:B,"ALU"),"") | BI23: 0.95 | BK23: 11 | BL23: =IFERROR(AVERAGEIFS(SAISIE!AL:AL,SAISIE!Y:Y,BILAN!B23,SAISIE!B:B,"PETIT ALU"),"") | BM23: =IFERROR(AVERAGEIFS(SAISIE!AK:AK,SAISIE!Y:Y,BILAN!B23,SAISIE!B:B,"PETIT ALU"),"") | BN23: 0.95 | BP23: 11 | BQ23: =IFERROR(AVERAGEIFS(SAISIE!AM:AM,SAISIE!Y:Y,BILAN!B23,SAISIE!B:B,"REFUS"),"") | BR23: =IFERROR(AVERAGEIFS(SAISIE!AU:AU,SAISIE!Y:Y,BILAN!B23,SAISIE!B:B,"REFUS"),"") | BS23: 0.95
B24: 12 | C24: =IFERROR(AVERAGEIFS(SAISIE!Z:Z,SAISIE!Y:Y,BILAN!B24,SAISIE!B:B,"JRM"),"") | D24: =IFERROR(AVERAGEIFS(SAISIE!AP:AP,SAISIE!Y:Y,BILAN!B24,SAISIE!B:B,"JRM"),"") | E24: 0.97 | G24: 12 | H24: =IFERROR(AVERAGEIFS(SAISIE!AA:AA,SAISIE!Y:Y,BILAN!B24,SAISIE!B:B,"EMR"),"") | I24: =IFERROR(AVERAGEIFS(SAISIE!AS:AS,SAISIE!Y:Y,BILAN!B24,SAISIE!B:B,"EMR"),"") | J24: 0.95 | L24: 12 | M24: =IFERROR(AVERAGEIFS(SAISIE!AB:AB,SAISIE!Y:Y,BILAN!B24,SAISIE!B:B,"CARTON"),"") | N24: =IFERROR(AVERAGEIFS(SAISIE!AS:AS,SAISIE!Y:Y,BILAN!B24,SAISIE!B:B,"CARTON"),"") | O24: 0.95 | Q24: 12 | R24: =IFERROR(AVERAGEIFS(SAISIE!AC:AC,SAISIE!Y:Y,BILAN!B24,SAISIE!B:B,"GM"),"") | S24: =IFERROR(AVERAGEIFS(SAISIE!AS:AS,SAISIE!Y:Y,BILAN!B24,SAISIE!B:B,"GM"),"") | T24: 0.98 | V24: 12 | W24: =IFERROR(AVERAGEIFS(SAISIE!AD:AD,SAISIE!Y:Y,BILAN!B24,SAISIE!B:B,"PETQ9"),"") | X24: =IFERROR(AVERAGEIFS(SAISIE!AF:AF,SAISIE!Y:Y,BILAN!B24,SAISIE!B:B,"PETQ9"),"") | Y24: 0.98 | AA24: 12 | AB24: =IFERROR(AVERAGEIFS(SAISIE!AE:AE,SAISIE!Y:Y,BILAN!B24,SAISIE!B:B,"FLUX DEV"),"") | AC24: =IFERROR(AVERAGEIFS(SAISIE!AD:AD,SAISIE!Y:Y,BILAN!B24,SAISIE!B:B,"FLUX DEV"),"") | AD24: 0.98 | AF24: 12 | AG24: =IFERROR(AVERAGEIFS(SAISIE!AF:AF,SAISIE!Y:Y,BILAN!B24,SAISIE!B:B,"PETB"),"") | AI24: 0.95 | AK24: 12 | AL24: =IFERROR(AVERAGEIFS(SAISIE!AG:AG,SAISIE!Y:Y,BILAN!B24,SAISIE!B:B,"PEPP"),"") | AM24: =IFERROR(AVERAGEIFS(SAISIE!AT:AT,SAISIE!Y:Y,BILAN!B24,SAISIE!B:B,"PEPP"),"") | AN24: 0.95 | AP24: 12 | AQ24: =IFERROR(AVERAGEIFS(SAISIE!AH:AH,SAISIE!Y:Y,BILAN!B24,SAISIE!B:B,"ELA"),"") | AR24: =IFERROR(AVERAGEIFS(SAISIE!AN:AN,SAISIE!Y:Y,BILAN!B24,SAISIE!B:B,"ELA"),"") | AS24: 0.95 | AT24: =IFERROR(AVERAGEIFS(SAISIE!AW:AW,SAISIE!Y:Y,BILAN!B24,SAISIE!B:B,"ELA"),"") | AV24: 12 | AW24: =IFERROR(AVERAGEIFS(SAISIE!AI:AI,SAISIE!Y:Y,BILAN!B24,SAISIE!B:B,"FILM"),"") | AX24: =IFERROR(AVERAGEIFS(SAISIE!AV:AV,SAISIE!Y:Y,BILAN!B24,SAISIE!B:B,"FILM"),"") | AY24: 0.95 | BA24: 12 | BB24: =IFERROR(AVERAGEIFS(SAISIE!AJ:AJ,SAISIE!Y:Y,BILAN!B24,SAISIE!B:B,"ACIER"),"") | BD24: 0.95 | BF24: 12 | BG24: =IFERROR(AVERAGEIFS(SAISIE!AK:AK,SAISIE!Y:Y,BILAN!B24,SAISIE!B:B,"ALU"),"") | BI24: 0.95 | BK24: 12 | BL24: =IFERROR(AVERAGEIFS(SAISIE!AL:AL,SAISIE!Y:Y,BILAN!B24,SAISIE!B:B,"PETIT ALU"),"") | BM24: =IFERROR(AVERAGEIFS(SAISIE!AK:AK,SAISIE!Y:Y,BILAN!B24,SAISIE!B:B,"PETIT ALU"),"") | BN24: 0.95 | BP24: 12 | BQ24: =IFERROR(AVERAGEIFS(SAISIE!AM:AM,SAISIE!Y:Y,BILAN!B24,SAISIE!B:B,"REFUS"),"") | BR24: =IFERROR(AVERAGEIFS(SAISIE!AU:AU,SAISIE!Y:Y,BILAN!B24,SAISIE!B:B,"REFUS"),"") | BS24: 0.95
... B65: 53 | C65: =IFERROR(AVERAGEIFS(SAISIE!Z:Z,SAISIE!Y:Y,BILAN!B65,SAISIE!B:B,"JRM"),"") | D65: =IFERROR(AVERAGEIFS(SAISIE!AP:AP,SAISIE!Y:Y,BILAN!B65,SAISIE!B:B,"JRM"),"") | E65: 0.97 | G65: 53 | H65: =IFERROR(AVERAGEIFS(SAISIE!AA:AA,SAISIE!Y:Y,BILAN!B65,SAISIE!B:B,"EMR"),"") | I65: =IFERROR(AVERAGEIFS(SAISIE!AS:AS,SAISIE!Y:Y,BILAN!B65,SAISIE!B:B,"EMR"),"") | J65: 0.95 | L65: 53 | M65: =IFERROR(AVERAGEIFS(SAISIE!AB:AB,SAISIE!Y:Y,BILAN!B65,SAISIE!B:B,"CARTON"),"") | N65: =IFERROR(AVERAGEIFS(SAISIE!AS:AS,SAISIE!Y:Y,BILAN!B65,SAISIE!B:B,"CARTON"),"") | O65: 0.95 | Q65: 53 | R65: =IFERROR(AVERAGEIFS(SAISIE!AC:AC,SAISIE!Y:Y,BILAN!B65,SAISIE!B:B,"GM"),"") | S65: =IFERROR(AVERAGEIFS(SAISIE!AS:AS,SAISIE!Y:Y,BILAN!B65,SAISIE!B:B,"GM"),"") | T65: 0.98 | V65: 53 | W65: =IFERROR(AVERAGEIFS(SAISIE!AD:AD,SAISIE!Y:Y,BILAN!B65,SAISIE!B:B,"PETQ9"),"") | X65: =IFERROR(AVERAGEIFS(SAISIE!AF:AF,SAISIE!Y:Y,BILAN!B65,SAISIE!B:B,"PETQ9"),"") | Y65: 0.98 | AA65: 53 | AB65: =IFERROR(AVERAGEIFS(SAISIE!AE:AE,SAISIE!Y:Y,BILAN!B65,SAISIE!B:B,"FLUX DEV"),"") | AC65: =IFERROR(AVERAGEIFS(SAISIE!AD:AD,SAISIE!Y:Y,BILAN!B65,SAISIE!B:B,"FLUX DEV"),"") | AD65: 0.98 | AF65: 53 | AG65: =IFERROR(AVERAGEIFS(SAISIE!AF:AF,SAISIE!Y:Y,BILAN!B65,SAISIE!B:B,"PETB"),"") | AI65: 0.95 | AK65: 53 | AL65: =IFERROR(AVERAGEIFS(SAISIE!AG:AG,SAISIE!Y:Y,BILAN!B65,SAISIE!B:B,"PEPP"),"") | AM65: =IFERROR(AVERAGEIFS(SAISIE!AT:AT,SAISIE!Y:Y,BILAN!B65,SAISIE!B:B,"PEPP"),"") | AN65: 0.95 | AP65: 53 | AQ65: =IFERROR(AVERAGEIFS(SAISIE!AH:AH,SAISIE!Y:Y,BILAN!B65,SAISIE!B:B,"ELA"),"") | AR65: =IFERROR(AVERAGEIFS(SAISIE!AN:AN,SAISIE!Y:Y,BILAN!B65,SAISIE!B:B,"ELA"),"") | AS65: 0.95 | AT65: =IFERROR(AVERAGEIFS(SAISIE!AW:AW,SAISIE!Y:Y,BILAN!B65,SAISIE!B:B,"ELA"),"") | AV65: 53 | AW65: =IFERROR(AVERAGEIFS(SAISIE!AI:AI,SAISIE!Y:Y,BILAN!B65,SAISIE!B:B,"FILM"),"") | AX65: =IFERROR(AVERAGEIFS(SAISIE!AV:AV,SAISIE!Y:Y,BILAN!B65,SAISIE!B:B,"FILM"),"") | AY65: 0.95 | BA65: 53 | BB65: =IFERROR(AVERAGEIFS(SAISIE!AJ:AJ,SAISIE!Y:Y,BILAN!B65,SAISIE!B:B,"ACIER"),"") | BD65: 0.95 | BF65: 53 | BG65: =IFERROR(AVERAGEIFS(SAISIE!AK:AK,SAISIE!Y:Y,BILAN!B65,SAISIE!B:B,"ALU"),"") | BI65: 0.95 | BK65: 53 | BL65: =IFERROR(AVERAGEIFS(SAISIE!AL:AL,SAISIE!Y:Y,BILAN!B65,SAISIE!B:B,"PETIT ALU"),"") | BM65: =IFERROR(AVERAGEIFS(SAISIE!AK:AK,SAISIE!Y:Y,BILAN!B65,SAISIE!B:B,"PETIT ALU"),"") | BN65: 0.95 | BP65: 53 | BQ65: =IFERROR(AVERAGEIFS(SAISIE!AM:AM,SAISIE!Y:Y,BILAN!B65,SAISIE!B:B,"REFUS"),"") | BR65: =IFERROR(AVERAGEIFS(SAISIE!AU:AU,SAISIE!Y:Y,BILAN!B65,SAISIE!B:B,"REFUS"),"") | BS65: 0.95

Sheet FICHE
C1: Numéro | D1: 17
D2: FICHE CARACTERISATION
D4: Flux : | E4: =IF(VLOOKUP($D$1,SAISIE!A:BO,A8,FALSE)="","",VLOOKUP($D$1,SAISIE!A:BO,A8,FALSE))
C6: Date : | D6: =IF(VLOOKUP($D$1,SAISIE!A:BO,A9,FALSE)="","",VLOOKUP($D$1,SAISIE!A:BO,A9,FALSE)) | E6: Equipe : | F6: =IF(VLOOKUP($D$1,SAISIE!A:BO,A10,FALSE)="","",VLOOKUP($D$1,SAISIE!A:BO,A10,FALSE))
A7: 1
A8: 2 | E8: Provenance : | F8: =IF(VLOOKUP($D$1,SAISIE!A:BO,A11,FALSE)="","",VLOOKUP($D$1,SAISIE!A:BO,A11,FALSE))
A9: 3
A10: 4
A11: 5 | C11: CATEGORIE | D11: MATIERE | F11: Poids net (Kg) | G11: % total
A12: 6 | C12: FIBREUX | D12: JRM (1.11) | F12: =IF(VLOOKUP($D$1,SAISIE!A:BO,A12,FALSE)="","",VLOOKUP($D$1,SAISIE!A:BO,A12,FALSE)) | G12: =F12/F27
A13: 7 | D13: EMR (1.04) Cartonette | F13: =IF(VLOOKUP($D$1,SAISIE!A:BO,A13,FALSE)="","",VLOOKUP($D$1,SAISIE!A:BO,A13,FALSE)) | G13: =F13/F27
A14: 8 | D14: CARTON (1.05) Carton brun | F14: =IF(VLOOKUP($D$1,SAISIE!A:BO,A14,FALSE)="","",VLOOKUP($D$1,SAISIE!A:BO,A14,FALSE)) | G14: =F14/F27
A15: 9 | D15: GM (1.02) | F15: =IF(VLOOKUP($D$1,SAISIE!A:BO,A15,FALSE)="","",VLOOKUP($D$1,SAISIE!A:BO,A15,FALSE)) | G15: =F15/F27
A16: 10 | C16: PLASTIQUES | D16: PET clair (Q9) | F16: =IF(VLOOKUP($D$1,SAISIE!A:BO,A16,FALSE)="","",VLOOKUP($D$1,SAISIE!A:BO,A16,FALSE)) | G16: =F16/F27
A17: 11 | D17: Flux dev | F17: =IF(VLOOKUP($D$1,SAISIE!A:BO,A17,FALSE)="","",VLOOKUP($D$1,SAISIE!A:BO,A17,FALSE)) | G17: =F17/F27
A18: 12 | D18: PET B | F18: =IF(VLOOKUP($D$1,SAISIE!A:BO,A18,FALSE)="","",VLOOKUP($D$1,SAISIE!A:BO,A18,FALSE)) | G18: =F18/F27
A19: 13 | D19: PEPP | F19: =IF(VLOOKUP($D$1,SAISIE!A:BO,A19,FALSE)="","",VLOOKUP($D$1,SAISIE!A:BO,A19,FALSE)) | G19: =F19/F27
A20: 14 | D20: ELA (5.03) | F20: =IF(VLOOKUP($D$1,SAISIE!A:BO,A20,FALSE)="","",VLOOKUP($D$1,SAISIE!A:BO,A20,FALSE)) | G20: =F20/F27
A21: 15 | D21: Films | F21: =IF(VLOOKUP($D$1,SAISIE!A:BO,A21,FALSE)="","",VLOOKUP($D$1,SAISIE!A:BO,A21,FALSE)) | G21: =F21/F27
A22: 16 | C22: METAUX | D22: Acier | F22: =IF(VLOOKUP($D$1,SAISIE!A:BO,A22,FALSE)="","",VLOOKUP($D$1,SAISIE!A:BO,A22,FALSE)) | G22: =F22/F27
A23: 17 | D23: Aluminium | F23: =IF(VLOOKUP($D$1,SAISIE!A:BO,A23,FALSE)="","",VLOOKUP($D$1,SAISIE!A:BO,A23,FALSE)) | G23: =F23/F27
A24: 18 | D24: Petit Alu | F24: =IF(VLOOKUP($D$1,SAISIE!A:BO,A24,FALSE)="","",VLOOKUP($D$1,SAISIE!A:BO,A24,FALSE)) | G24: =F24/F27
A25: 19 | C25: REFUS | D25: Refus vrais | F25: =IF(VLOOKUP($D$1,SAISIE!A:BO,A25,FALSE)="","",VLOOKUP($D$1,SAISIE!A:BO,A25,FALSE)) | G25: =F25/F27
A26: 20
A27: 21 | E27: Total : | F27: =SUM(F12:F25) | G27: =IF(VLOOKUP($D$1,SAISIE!A:BO,A27,FALSE)="","",VLOOKUP($D$1,SAISIE!A:BO,A27,FALSE))
A28: 22 | C28: Remarques :
C29: =IF(VLOOKUP($D$1,SAISIE!A:BO,A28,FALSE)="","",VLOOKUP($D$1,SAISIE!A:BO,A28,FALSE))

Sheet CARACT
C1: Numéro | D1: 93
D2: FICHE CARACTERISATION
D4: Flux : | E4: =IF(VLOOKUP($D$1,SAISIE!A:BO,A8,FALSE)="","",VLOOKUP($D$1,SAISIE!A:BO,A8,FALSE))
C6: Date : | D6: =IF(VLOOKUP($D$1,SAISIE!A:BO,A9,FALSE)="","",VLOOKUP($D$1,SAISIE!A:BO,A9,FALSE)) | E6: Equipe : | F6: =IF(VLOOKUP($D$1,SAISIE!A:BO,A10,FALSE)="","",VLOOKUP($D$1,SAISIE!A:BO,A10,FALSE))
A7: 1
A8: 2 | E8: Provenance : | F8: =IF(VLOOKUP($D$1,SAISIE!A:BO,A11,FALSE)="","",VLOOKUP($D$1,SAISIE!A:BO,A11,FALSE))
A9: 3
A10: 4
A11: 5 | C11: CATEGORIE | D11: MATIERE | F11: Poids net (Kg) | G11: % total
A12: 6 | C12: FIBREUX | D12: JRM (1.11) | F12: =IF(VLOOKUP($D$1,SAISIE!A:BO,A12,FALSE)="","",VLOOKUP($D$1,SAISIE!A:BO,A12,FALSE)) | G12: =F12/$F$27
A13: 7 | D13: EMR (1.04) | F13: =IF(VLOOKUP($D$1,SAISIE!A:BO,A13,FALSE)="","",VLOOKUP($D$1,SAISIE!A:BO,A13,FALSE)) | G13: =F13/$F$27
A14: 8 | D14: CARTON (1.05) | F14: =IF(VLOOKUP($D$1,SAISIE!A:BO,A14,FALSE)="","",VLOOKUP($D$1,SAISIE!A:BO,A14,FALSE)) | G14: =F14/$F$27
A15: 9 | D15: TOTAL EMR | G15: =SUM(G13:G14)
A16: 10 | D16: GM (1.02) | F16: =IF(VLOOKUP($D$1,SAISIE!A:BO,A15,FALSE)="","",VLOOKUP($D$1,SAISIE!A:BO,A15,FALSE)) | G16: =F16/$F$27
A17: 11 | C17: PLASTIQUES | D17: PET clair (Q7) | F17: =IF(VLOOKUP($D$1,SAISIE!A:BO,A17,FALSE)="","",VLOOKUP($D$1,SAISIE!A:BO,A17,FALSE)) | G17: =F17/$F$27
A18: 12 | D18: PET couleur (Q8) | F18: =IF(VLOOKUP($D$1,SAISIE!A:BO,A18,FALSE)="","",VLOOKUP($D$1,SAISIE!A:BO,A18,FALSE)) | G18: =F18/$F$27
A19: 13 | D19: PEPPPS | F19: =IF(VLOOKUP($D$1,SAISIE!A:BO,A19,FALSE)="","",VLOOKUP($D$1,SAISIE!A:BO,A19,FALSE)) | G19: =F19/$F$27
A20: 14 | D20: ELA (5.03) | F20: =IF(VLOOKUP($D$1,SAISIE!A:BO,A20,FALSE)="","",VLOOKUP($D$1,SAISIE!A:BO,A20,FALSE)) | G20: =F20/$F$27
A21: 15 | D21: Films PE | F21: =IF(VLOOKUP($D$1,SAISIE!A:BO,A21,FALSE)="","",VLOOKUP($D$1,SAISIE!A:BO,A21,FALSE)) | G21: =F21/$F$27
A22: 16 | C22: METAUX | D22: Acier | F22: =IF(VLOOKUP($D$1,SAISIE!A:BO,A22,FALSE)="","",VLOOKUP($D$1,SAISIE!A:BO,A22,FALSE)) | G22: =F22/$F$27
A23: 17 | D23: Aluminium | F23: =IF(VLOOKUP($D$1,SAISIE!A:BO,A23,FALSE)="","",VLOOKUP($D$1,SAISIE!A:BO,A23,FALSE)) | G23: =F23/$F$27
A24: 18 | D24: Petit Alu | F24: =IF(VLOOKUP($D$1,SAISIE!A:BO,A24,FALSE)="","",VLOOKUP($D$1,SAISIE!A:BO,A24,FALSE)) | G24: =F24/$F$27
A25: 19 | C25: REFUS | D25: Refus vrais | F25: =IF(VLOOKUP($D$1,SAISIE!A:BO,A25,FALSE)="","",VLOOKUP($D$1,SAISIE!A:BO,A25,FALSE)) | G25: =F25/$F$27
A26: 20
A27: 21 | E27: Total : | F27: =SUM(F12:F25) | G27: =SUM(G12:G25)
C28: Remarques :
C29: =IF(VLOOKUP($D$1,SAISIE!A:BO,A27,FALSE)="","",VLOOKUP($D$1,SAISIE!A:BO,A27,FALSE))

Sheet FICHE a imprimer
D2: FICHE CARACTERISATION
D4: Flux :
C6: Date : | E6: Equipe :
E8: Provenance :
C11: CATEGORIE | D11: MATIERE | F11: Poids net (Kg)
C12: FIBREUX | D12: JRM (1.11)
D13: EMR (1.04) Cartonette
D14: CARTON (1.05) Carton brun
D15: GM (1.02)
C16: PLASTIQUES | D16: PET clair (Q9)
D17: Flux dev
D18: PET B
D19: PEPP
D20: ELA (5.03)
D21: Films
C22: METAUX | D22: Acier
D23: Aluminium
D24: Petit Alu
C25: REFUS | D25: Refus vrais
E27: Total :
C28: Remarques :

Sheet BDD
A1: MATIERE | C1: EQUIPE | G1: CARACT
A2: JRM | B2: 1/S | C2: Matin | G2: VALODEA | H2: 1/S en alternant matin/après-midi
A3: EMR | B3: 1/S | C3: Après-midi | G3: DECLASSEMENT | H3: 1/S en alternant matin/après-midi
A4: CARTON | G4: JRM | H4: 1/S en alternant matin/après-midi
A5: GM | G5: EMR | H5: 1/S en alternant matin/après-midi
A6: PETQ9 | G6: GM | H6: 1/S en alternant matin/après-midi
A7: FLUX DEV | G7: PET Q4 | H7: 1/S en alternant matin/après-midi
A8: PETB
A9: PEPP | G9: Flux dev Rigide | H9: 1/S en alternant matin/après-midi
A10: ELA | G10: PE/PP | H10: 1/S en alternant matin/après-midi
A11: FILM | G11: ELA | H11: 1/M
A12: ACIER | G12: FILM | H12: 1/M
A13: ALU | G13: REFUS | H13: 1/M
A14: PETIT ALU | G14: ALU | H14: 1/M
A15: REFUS | G15: PETITALU | H15: 1/M

Sheet JRM
B1: poids | S1: %
A2: Date | B2: JRM | C2: enveloppes blanches | D2: papier emballage et teintés (écrit couleurs) | E2: Cartons 1.05 | F2: Cartons 1.04 | G2: GM | H2: ELA | I2: PET Q7 (dont barquettes) | J2: PET Q8 (dont barquettes) | K2: PEPPPS (dont barquettes) | L2: films | M2: acier | N2: alu | O2: petits alu | P2: Refus indésirables (textiles, verres, fines) | Q2: TOTAL | S2: JRM | T2: enveloppes blanches | U2: papier emballage et teintés (écrit couleurs) | V2: 1.05 | W2: 1.04 | X2: GM | Y2: ELA | Z2: PET Q7 (dont barquettes) | AA2: PET Q8 (dont barquettes) | AB2: PEPPPS (dont barquettes) | AC2: films | AD2: acier | AE2: alu | AF2: petits alu | AG2: Refus indésirables (textiles, verres, fines) | AH2: TOTAL refus fibreux valorisables | AI2: TOTAL refus non fibreux valorisables | AJ2: TOTAL REFUS | AK2: TOTAL REFUS + refus fibreux | AL2: Contaminant A | AM2: Contaminant B | AN2: JRM pureté | AO2: Année | AP2: Mois | AQ2: nb caract
B3: 16.55 | E3: 0.19 | F3: 1.86 | G3: 1.09 | I3: 0.03 | P3: 0.78 | Q3: =SUM(B3:P3) | S3: =(B3/$Q3) | T3: =(C3/$Q3) | U3: =(D3/$Q3) | V3: =(E3/$Q3) | W3: =(F3/$Q3) | X3: =(G3/$Q3) | Y3: =(H3/$Q3) | Z3: =(I3/$Q3) | ... AG3: =(P3/$Q3) | AH3: =SUM(V3:X3) | AI3: =SUM(Z3:AF3) | AJ3: =SUM(AG3+AI3) | AK3: =AJ3+AH3 | AL3: =SUM(V3,Y3:AG3) | AM3: =SUM(W3:X3) | AO3: =YEAR(A3) | AP3: =MONTH(A3)
A4: 44610 | B4: 16.43 | E4: 0.48 | F4: 1.81 | G4: 1.63 | I4: 0.09 | N4: 0.07 | P4: 0.51 | Q4: =SUM(B4:P4) | S4: =(B4/$Q4) | T4: =(C4/$Q4) | U4: =(D4/$Q4) | V4: =(E4/$Q4) | W4: =(F4/$Q4) | X4: =(G4/$Q4) | Y4: =(H4/$Q4) | Z4: =(I4/$Q4) | ... AG4: =(P4/$Q4) | AH4: =SUM(V4:X4) | AI4: =SUM(Z4:AF4) | AJ4: =SUM(AG4+AI4) | AK4: =AJ4+AH4 | AL4: =SUM(V4,Y4:AG4) | AM4: =SUM(W4:X4)
A5: 44610 | B5: 14.88 | E5: 0.51 | F5: 1.7 | G5: 1.25 | I5: 0.17 | N5: 0.09 | P5: 0.45 | Q5: =SUM(B5:P5) | S5: =(B5/$Q5) | T5: =(C5/$Q5) | U5: =(D5/$Q5) | V5: =(E5/$Q5) | W5: =(F5/$Q5) | X5: =(G5/$Q5) | Y5: =(H5/$Q5) | Z5: =(I5/$Q5) | ... AG5: =(P5/$Q5) | AH5: =SUM(V5:X5) | AI5: =SUM(Z5:AF5) | AJ5: =SUM(AG5+AI5) | AK5: =AJ5+AH5 | AL5: =SUM(V5,Y5:AG5) | AM5: =SUM(W5:X5)
A6: 44608 | B6: 17.54 | E6: 0.76 | F6: 1.84 | G6: 1.38 | H6: 0.07 | J6: 0.07 | N6: 0.07 | P6: 0.48 | Q6: =SUM(B6:P6) | S6: =(B6/$Q6) | T6: =(C6/$Q6) | U6: =(D6/$Q6) | V6: =(E6/$Q6) | W6: =(F6/$Q6) | X6: =(G6/$Q6) | Y6: =(H6/$Q6) | Z6: =(I6/$Q6) | ... AG6: =(P6/$Q6) | AH6: =SUM(V6:X6) | AI6: =SUM(Z6:AF6) | AJ6: =SUM(AG6+AI6) | AK6: =AJ6+AH6 | AL6: =SUM(V6,Y6:AG6) | AM6: =SUM(W6:X6)
A7: 44618 | B7: 18.13 | E7: 0.94 | F7: 2.09 | G7: 1.32 | I7: 0.04 | J7: 0.07 | N7: 0.03 | P7: 0.43 | Q7: =SUM(B7:P7) | S7: =(B7/$Q7) | T7: =(C7/$Q7) | U7: =(D7/$Q7) | V7: =(E7/$Q7) | W7: =(F7/$Q7) | X7: =(G7/$Q7) | Y7: =(H7/$Q7) | Z7: =(I7/$Q7) | ... AG7: =(P7/$Q7) | AH7: =SUM(V7:X7) | AI7: =SUM(Z7:AF7) | AJ7: =SUM(AG7+AI7) | AK7: =AJ7+AH7 | AL7: =SUM(V7,Y7:AG7) | AM7: =SUM(W7:X7)
A8: 44621 | B8: 16.23 | E8: 0.93 | F8: 2.49 | G8: 1.69 | J8: 0.07 | N8: 0.06 | O8: 0.07 | P8: 0.77 | Q8: =SUM(B8:P8) | S8: =(B8/$Q8) | T8: =(C8/$Q8) | U8: =(D8/$Q8) | V8: =(E8/$Q8) | W8: =(F8/$Q8) | X8: =(G8/$Q8) | Y8: =(H8/$Q8) | Z8: =(I8/$Q8) | ... AG8: =(P8/$Q8) | AH8: =SUM(V8:X8) | AI8: =SUM(Z8:AF8) | AJ8: =SUM(AG8+AI8) | AK8: =AJ8+AH8 | AL8: =SUM(V8,Y8:AG8) | AM8: =SUM(W8:X8)
A9: 44621 | B9: 18.2 | E9: 0.89 | F9: 0.36 | G9: 1.71 | J9: 0.08 | N9: 0.07 | O9: 0.06 | P9: 0.53 | Q9: =SUM(B9:P9) | S9: =(B9/$Q9) | T9: =(C9/$Q9) | U9: =(D9/$Q9) | V9: =(E9/$Q9) | W9: =(F9/$Q9) | X9: =(G9/$Q9) | Y9: =(H9/$Q9) | Z9: =(I9/$Q9) | ... AG9: =(P9/$Q9) | AH9: =SUM(V9:X9) | AI9: =SUM(Z9:AF9) | AJ9: =SUM(AG9+AI9) | AK9: =AJ9+AH9 | AL9: =SUM(V9,Y9:AG9) | AM9: =SUM(W9:X9)
A10: 44623 | B10: 19.2 | E10: 0.76 | F10: 2.22 | G10: 1 | H10: 0.04 | J10: 0.06 | K10: 0.04 | N10: 0.04 | O10: 0.06 | P10: 0.58 | Q10: =SUM(B10:P10) | S10: =(B10/$Q10) | T10: =(C10/$Q10) | U10: =(D10/$Q10) | V10: =(E10/$Q10) | W10: =(F10/$Q10) | X10: =(G10/$Q10) | Y10: =(H10/$Q10) | Z10: =(I10/$Q10) | ... AG10: =(P10/$Q10) | AH10: =SUM(V10:X10) | AI10: =SUM(Z10:AF10) | AJ10: =SUM(AG10+AI10) | AK10: =AJ10+AH10 | AL10: =SUM(V10,Y10:AG10) | AM10: =SUM(W10:X10)
A11: 44624 | B11: 16.45 | E11: 0.72 | F11: 2.26 | G11: 2.16 | I11: 0.03 | N11: 0.02 | O11: 0.04 | P11: 0.74 | Q11: =SUM(B11:P11) | S11: =(B11/$Q11) | T11: =(C11/$Q11) | U11: =(D11/$Q11) | V11: =(E11/$Q11) | W11: =(F11/$Q11) | X11: =(G11/$Q11) | Y11: =(H11/$Q11) | Z11: =(I11/$Q11) | ... AG11: =(P11/$Q11) | AH11: =SUM(V11:X11) | AI11: =SUM(Z11:AF11) | AJ11: =SUM(AG11+AI11) | AK11: =AJ11+AH11 | AL11: =SUM(V11,Y11:AG11) | AM11: =SUM(W11:X11)
A12: 44624 | B12: 18.18 | E12: 0.6 | F12: 1.56 | G12: 1.23 | J12: 0.04 | M12: 0.03 | N12: 0.04 | O12: 0.03 | P12: 0.56 | Q12: =SUM(B12:P12) | S12: =(B12/$Q12) | T12: =(C12/$Q12) | U12: =(D12/$Q12) | V12: =(E12/$Q12) | W12: =(F12/$Q12) | X12: =(G12/$Q12) | Y12: =(H12/$Q12) | Z12: =(I12/$Q12) | ... AG12: =(P12/$Q12) | AH12: =SUM(V12:X12) | AI12: =SUM(Z12:AF12) | AJ12: =SUM(AG12+AI12) | AK12: =AJ12+AH12 | AL12: =SUM(V12,Y12:AG12) | AM12: =SUM(W12:X12)
A13: 44625 | B13: 20.24 | E13: 1.04 | F13: 2.22 | G13: 1.56 | I13: 0.04 | J13: 0.04 | O13: 0.06 | P13: 0.44 | Q13: =SUM(B13:P13) | S13: =(B13/$Q13) | T13: =(C13/$Q13) | U13: =(D13/$Q13) | V13: =(E13/$Q13) | W13: =(F13/$Q13) | X13: =(G13/$Q13) | Y13: =(H13/$Q13) | Z13: =(I13/$Q13) | ... AG13: =(P13/$Q13) | AH13: =SUM(V13:X13) | AI13: =SUM(Z13:AF13) | AJ13: =SUM(AG13+AI13) | AK13: =AJ13+AH13 | AL13: =SUM(V13,Y13:AG13) | AM13: =SUM(W13:X13)
A14: 44625 | B14: 18.61 | E14: 0.72 | F14: 1.64 | G14: 1.03 | J14: 0.07 | N14: 0.03 | O14: 0.03 | P14: 0.38 | Q14: =SUM(B14:P14) | S14: =(B14/$Q14) | T14: =(C14/$Q14) | U14: =(D14/$Q14) | V14: =(E14/$Q14) | W14: =(F14/$Q14) | X14: =(G14/$Q14) | Y14: =(H14/$Q14) | Z14: =(I14/$Q14) | ... AG14: =(P14/$Q14) | AH14: =SUM(V14:X14) | AI14: =SUM(Z14:AF14) | AJ14: =SUM(AG14+AI14) | AK14: =AJ14+AH14 | AL14: =SUM(V14,Y14:AG14) | AM14: =SUM(W14:X14)
A15: 44627 | B15: 19.14 | E15: 1.08 | F15: 3.82 | I15: 0.1 | N15: 0.02 | O15: 0.8 | P15: 1.64 | Q15: =SUM(B15:P15) | S15: =(B15/$Q15) | T15: =(C15/$Q15) | U15: =(D15/$Q15) | V15: =(E15/$Q15) | W15: =(F15/$Q15) | X15: =(G15/$Q15) | Y15: =(H15/$Q15) | Z15: =(I15/$Q15) | ... AG15: =(P15/$Q15) | AH15: =SUM(V15:X15) | AI15: =SUM(Z15:AF15) | AJ15: =SUM(AG15+AI15) | AK15: =AJ15+AH15 | AL15: =SUM(V15,Y15:AG15) | AM15: =SUM(W15:X15)
A16: 44627 | B16: 18.68 | E16: 0.26 | F16: 0.66 | G16: 0.18 | K16: 0.06 | L16: 0.02 | P16: 0.1 | Q16: =SUM(B16:P16) | S16: =(B16/$Q16) | T16: =(C16/$Q16) | U16: =(D16/$Q16) | V16: =(E16/$Q16) | W16: =(F16/$Q16) | X16: =(G16/$Q16) | Y16: =(H16/$Q16) | Z16: =(I16/$Q16) | ... AG16: =(P16/$Q16) | AH16: =SUM(V16:X16) | AI16: =SUM(Z16:AF16) | AJ16: =SUM(AG16+AI16) | AK16: =AJ16+AH16 | AL16: =SUM(V16,Y16:AG16) | AM16: =SUM(W16:X16)
A17: 44631 | B17: 21.46 | D17: 0.02 | E17: 0.76 | F17: 2.18 | G17: 0.48 | J17: 0.06 | K17: 0.08 | L17: 0.06 | P17: 0.3 | Q17: =SUM(B17:P17) | S17: =(B17/$Q17) | T17: =(C17/$Q17) | U17: =(D17/$Q17) | V17: =(E17/$Q17) | W17: =(F17/$Q17) | X17: =(G17/$Q17) | Y17: =(H17/$Q17) | Z17: =(I17/$Q17) | ... AG17: =(P17/$Q17) | AH17: =SUM(V17:X17) | AI17: =SUM(Z17:AF17) | AJ17: =SUM(AG17+AI17) | AK17: =AJ17+AH17 | AL17: =SUM(V17,Y17:AG17) | AM17: =SUM(W17:X17)
A18: 44634 | B18: 27.28 | C18: 0.28 | D18: 0.04 | E18: 0.92 | F18: 2.98 | G18: 0.54 | J18: 0.1 | L18: 0.06 | M18: 0.08 | O18: 0.02 | P18: 0.34 | Q18: =SUM(B18:P18) | S18: =(B18/$Q18) | T18: =(C18/$Q18) | U18: =(D18/$Q18) | V18: =(E18/$Q18) | W18: =(F18/$Q18) | X18: =(G18/$Q18) | Y18: =(H18/$Q18) | Z18: =(I18/$Q18) | ... AG18: =(P18/$Q18) | AH18: =SUM(V18:X18) | AI18: =SUM(Z18:AF18) | AJ18: =SUM(AG18+AI18) | AK18: =AJ18+AH18 | AL18: =SUM(V18,Y18:AG18) | AM18: =SUM(W18:X18)
A19: 44641 | B19: 20.62 | C19: 0.2 | D19: 0.1 | E19: 0.66 | F19: 1.72 | G19: 0.4 | L19: 0.06 | P19: 0.38 | Q19: =SUM(B19:P19) | S19: =(B19/$Q19) | T19: =(C19/$Q19) | U19: =(D19/$Q19) | V19: =(E19/$Q19) | W19: =(F19/$Q19) | X19: =(G19/$Q19) | Y19: =(H19/$Q19) | Z19: =(I19/$Q19) | ... AG19: =(P19/$Q19) | AH19: =SUM(V19:X19) | AI19: =SUM(Z19:AF19) | AJ19: =SUM(AG19+AI19) | AK19: =AJ19+AH19 | AL19: =SUM(V19,Y19:AG19) | AM19: =SUM(W19:X19)
A20: 44642 | B20: 25.43 | E20: 0.96 | F20: 2.36 | P20: 0.82 | Q20: =SUM(B20:P20) | S20: =(B20/$Q20) | T20: =(C20/$Q20) | U20: =(D20/$Q20) | V20: =(E20/$Q20) | W20: =(F20/$Q20) | X20: =(G20/$Q20) | Y20: =(H20/$Q20) | Z20: =(I20/$Q20) | ... AG20: =(P20/$Q20) | AH20: =SUM(V20:X20) | AI20: =SUM(Z20:AF20) | AJ20: =SUM(AG20+AI20) | AK20: =AJ20+AH20 | AL20: =SUM(V20,Y20:AG20) | AM20: =SUM(W20:X20)
A21: 44646 | B21: 23.64 | E21: 0.22 | F21: 1.38 | G21: 0.6 | L21: 0.06 | N21: 0.02 | P21: 0.06 | Q21: =SUM(B21:P21) | S21: =(B21/$Q21) | T21: =(C21/$Q21) | U21: =(D21/$Q21) | V21: =(E21/$Q21) | W21: =(F21/$Q21) | X21: =(G21/$Q21) | Y21: =(H21/$Q21) | Z21: =(I21/$Q21) | ... AG21: =(P21/$Q21) | AH21: =SUM(V21:X21) | AI21: =SUM(Z21:AF21) | AJ21: =SUM(AG21+AI21) | AK21: =AJ21+AH21 | AL21: =SUM(V21,Y21:AG21) | AM21: =SUM(W21:X21)
A22: 44656 | B22: 25.88 | C22: 0.24 | E22: 0.36 | F22: 1.84 | G22: 0.56 | I22: 0.04 | J22: 0.02 | L22: 0.06 | P22: 0.34 | Q22: =SUM(B22:P22) | S22: =(B22/$Q22) | T22: =(C22/$Q22) | U22: =(D22/$Q22) | V22: =(E22/$Q22) | W22: =(F22/$Q22) | X22: =(G22/$Q22) | Y22: =(H22/$Q22) | Z22: =(I22/$Q22) | ... AG22: =(P22/$Q22) | AH22: =SUM(V22:X22) | AI22: =SUM(Z22:AF22) | AJ22: =SUM(AG22+AI22) | AK22: =AJ22+AH22 | AL22: =SUM(V22,Y22:AG22) | AM22: =SUM(W22:X22)
A23: 44662 | B23: 23.84 | C23: 0.6 | D23: 0.14 | E23: 0.84 | F23: 2.3 | G23: 0.82 | I23: 0.02 | J23: 0.04 | L23: 0.04 | N23: 0.04 | P23: 0.6 | Q23: =SUM(B23:P23) | S23: =(B23/$Q23) | T23: =(C23/$Q23) | U23: =(D23/$Q23) | V23: =(E23/$Q23) | W23: =(F23/$Q23) | X23: =(G23/$Q23) | Y23: =(H23/$Q23) | Z23: =(I23/$Q23) | ... AG23: =(P23/$Q23) | AH23: =SUM(V23:X23) | AI23: =SUM(Z23:AF23) | AJ23: =SUM(AG23+AI23) | AK23: =AJ23+AH23 | AL23: =SUM(V23,Y23:AG23) | AM23: =SUM(W23:X23)
A24: 44674 | B24: 24.7 | C24: 0.22 | E24: 0.21 | F24: 1.06 | G24: 0.21 | I24: 0.04 | J24: 0.02 | N24: 0.04 | P24: 0.26 | Q24: =SUM(B24:P24) | S24: =(B24/$Q24) | T24: =(C24/$Q24) | U24: =(D24/$Q24) | V24: =(E24/$Q24) | W24: =(F24/$Q24) | X24: =(G24/$Q24) | Y24: =(H24/$Q24) | Z24: =(I24/$Q24) | ... AG24: =(P24/$Q24) | AH24: =SUM(V24:X24) | AI24: =SUM(Z24:AF24) | AJ24: =SUM(AG24+AI24) | AK24: =AJ24+AH24 | AL24: =SUM(V24,Y24:AG24) | AM24: =SUM(W24:X24)
A25: 44676 | B25: 26.44 | C25: 0.32 | D25: 0.1 | E25: 0.84 | F25: 2.16 | G25: 0.58 | J25: 0.04 | K25: 0.06 | L25: 0.08 | M25: 0.08 | N25: 0.04 | O25: 0.06 | P25: 0.42 | Q25: =SUM(B25:P25) | S25: =(B25/$Q25) | T25: =(C25/$Q25) | U25: =(D25/$Q25) | V25: =(E25/$Q25) | W25: =(F25/$Q25) | X25: =(G25/$Q25) | Y25: =(H25/$Q25) | Z25: =(I25/$Q25) | ... AG25: =(P25/$Q25) | AH25: =SUM(V25:X25) | AI25: =SUM(Z25:AF25) | AJ25: =SUM(AG25+AI25) | AK25: =AJ25+AH25 | AL25: =SUM(V25,Y25:AG25) | AM25: =SUM(W25:X25)
A26: 44677 | B26: 24.5 | C26: 0.32 | E26: 0.28 | F26: 1.62 | G26: 0.4 | L26: 0.06 | O26: 0.02 | P26: 0.16 | Q26: =SUM(B26:P26) | S26: =(B26/$Q26) | T26: =(C26/$Q26) | U26: =(D26/$Q26) | V26: =(E26/$Q26) | W26: =(F26/$Q26) | X26: =(G26/$Q26) | Y26: =(H26/$Q26) | Z26: =(I26/$Q26) | ... AG26: =(P26/$Q26) | AH26: =SUM(V26:X26) | AI26: =SUM(Z26:AF26) | AJ26: =SUM(AG26+AI26) | AK26: =AJ26+AH26 | AL26: =SUM(V26,Y26:AG26) | AM26: =SUM(W26:X26)
A27: 44679 | B27: 24.8 | C27: 0.26 | D27: 0.16 | E27: 0.36 | F27: 2.3 | G27: 0.86 | I27: 0.12 | J27: 0.04 | L27: 0.04 | N27: 0.02 | P27: 0.4 | Q27: =SUM(B27:P27) | S27: =(B27/$Q27) | T27: =(C27/$Q27) | U27: =(D27/$Q27) | V27: =(E27/$Q27) | W27: =(F27/$Q27) | X27: =(G27/$Q27) | Y27: =(H27/$Q27) | Z27: =(I27/$Q27) | ... AG27: =(P27/$Q27) | AH27: =SUM(V27:X27) | AI27: =SUM(Z27:AF27) | AJ27: =SUM(AG27+AI27) | AK27: =AJ27+AH27 | AL27: =SUM(V27,Y27:AG27) | AM27: =SUM(W27:X27)
A28: 44683 | B28: 18.9 | C28: 0.48 | D28: 0.18 | E28: 0.7 | F28: 1.28 | G28: 0.36 | J28: 0.04 | K28: 0.02 | M28: 0.06 | N28: 0.02 | P28: 0.18 | Q28: =SUM(B28:P28) | S28: =(B28/$Q28) | T28: =(C28/$Q28) | U28: =(D28/$Q28) | V28: =(E28/$Q28) | W28: =(F28/$Q28) | X28: =(G28/$Q28) | Y28: =(H28/$Q28) | Z28: =(I28/$Q28) | ... AG28: =(P28/$Q28) | AH28: =SUM(V28:X28) | AI28: =SUM(Z28:AF28) | AJ28: =SUM(AG28+AI28) | AK28: =AJ28+AH28 | AL28: =SUM(V28,Y28:AG28) | AM28: =SUM(W28:X28)
A29: 44687 | B29: 20.36 | C29: 0.28 | D29: 0.22 | E29: 0.42 | F29: 1.3 | G29: 0.36 | J29: 0.04 | L29: 0.06 | N29: 0.1 | P29: 0.32 | Q29: =SUM(B29:P29) | S29: =(B29/$Q29) | T29: =(C29/$Q29) | U29: =(D29/$Q29) | V29: =(E29/$Q29) | W29: =(F29/$Q29) | X29: =(G29/$Q29) | Y29: =(H29/$Q29) | Z29: =(I29/$Q29) | ... AG29: =(P29/$Q29) | AH29: =SUM(V29:X29) | AI29: =SUM(Z29:AF29) | AJ29: =SUM(AG29+AI29) | AK29: =AJ29+AH29 | AL29: =SUM(V29,Y29:AG29) | AM29: =SUM(W29:X29)
A30: 44690 | B30: 24.32 | C30: 0.26 | D30: 0.04 | E30: 0.08 | F30: 1.44 | G30: 0.42 | L30: 0.06 | P30: 0.1 | Q30: =SUM(B30:P30) | S30: =(B30/$Q30) | T30: =(C30/$Q30) | U30: =(D30/$Q30) | V30: =(E30/$Q30) | W30: =(F30/$Q30) | X30: =(G30/$Q30) | Y30: =(H30/$Q30) | Z30: =(I30/$Q30) | ... AG30: =(P30/$Q30) | AH30: =SUM(V30:X30) | AI30: =SUM(Z30:AF30) | AJ30: =SUM(AG30+AI30) | AK30: =AJ30+AH30 | AL30: =SUM(V30,Y30:AG30) | AM30: =SUM(W30:X30)
A31: 44693 | B31: 23.54 | C31: 0.28 | E31: 0.44 | F31: 0.94 | G31: 0.24 | I31: 0.02 | P31: 0.18 | Q31: =SUM(B31:P31) | S31: =(B31/$Q31) | T31: =(C31/$Q31) | U31: =(D31/$Q31) | V31: =(E31/$Q31) | W31: =(F31/$Q31) | X31: =(G31/$Q31) | Y31: =(H31/$Q31) | Z31: =(I31/$Q31) | ... AG31: =(P31/$Q31) | AH31: =SUM(V31:X31) | AI31: =SUM(Z31:AF31) | AJ31: =SUM(AG31+AI31) | AK31: =AJ31+AH31 | AL31: =SUM(V31,Y31:AG31) | AM31: =SUM(W31:X31)
A32: 44695 | B32: 24.64 | C32: 0.46 | E32: 0.72 | F32: 1.36 | G32: 0.6 | I32: 0.02 | K32: 0.02 | L32: 0.1 | M32: 0.04 | N32: 0.02 | P32: 0.3 | Q32: =SUM(B32:P32) | S32: =(B32/$Q32) | T32: =(C32/$Q32) | U32: =(D32/$Q32) | V32: =(E32/$Q32) | W32: =(F32/$Q32) | X32: =(G32/$Q32) | Y32: =(H32/$Q32) | Z32: =(I32/$Q32) | ... AG32: =(P32/$Q32) | AH32: =SUM(V32:X32) | AI32: =SUM(Z32:AF32) | AJ32: =SUM(AG32+AI32) | AK32: =AJ32+AH32 | AL32: =SUM(V32,Y32:AG32) | AM32: =SUM(W32:X32)
A33: 44704 | B33: 20.16 | C33: 0.28 | D33: 0.08 | E33: 0.12 | F33: 1.6 | G33: 0.2 | J33: 0.04 | L33: 0.1 | P33: 0.38 | Q33: =SUM(B33:P33) | S33: =(B33/$Q33) | T33: =(C33/$Q33) | U33: =(D33/$Q33) | V33: =(E33/$Q33) | W33: =(F33/$Q33) | X33: =(G33/$Q33) | Y33: =(H33/$Q33) | Z33: =(I33/$Q33) | ... AG33: =(P33/$Q33) | AH33: =SUM(V33:X33) | AI33: =SUM(Z33:AF33) | AJ33: =SUM(AG33+AI33) | AK33: =AJ33+AH33 | AL33: =SUM(V33,Y33:AG33) | AM33: =SUM(W33:X33)
A34: 44709 | B34: 26.56 | C34: 0.2 | E34: 0.26 | F34: 1.08 | G34: 0.4 | I34: 0.02 | M34: 0.02 | N34: 0.02 | P34: 0.24 | Q34: =SUM(B34:P34) | S34: =(B34/$Q34) | T34: =(C34/$Q34) | U34: =(D34/$Q34) | V34: =(E34/$Q34) | W34: =(F34/$Q34) | X34: =(G34/$Q34) | Y34: =(H34/$Q34) | Z34: =(I34/$Q34) | ... AG34: =(P34/$Q34) | AH34: =SUM(V34:X34) | AI34: =SUM(Z34:AF34) | AJ34: =SUM(AG34+AI34) | AK34: =AJ34+AH34 | AL34: =SUM(V34,Y34:AG34) | AM34: =SUM(W34:X34)
A35: 44713 | B35: 20.56 | C35: 0.12 | E35: 0.24 | F35: 1.44 | G35: 0.08 | K35: 0.04 | L35: 0.04 | P35: 0.2 | Q35: =SUM(B35:P35) | S35: =(B35/$Q35) | T35: =(C35/$Q35) | U35: =(D35/$Q35) | V35: =(E35/$Q35) | W35: =(F35/$Q35) | X35: =(G35/$Q35) | Y35: =(H35/$Q35) | Z35: =(I35/$Q35) | ... AG35: =(P35/$Q35) | AH35: =SUM(V35:X35) | AI35: =SUM(Z35:AF35) | AJ35: =SUM(AG35+AI35) | AK35: =AJ35+AH35 | AL35: =SUM(V35,Y35:AG35) | AM35: =SUM(W35:X35)
A36: 44718 | B36: 22.56 | C36: 0.28 | E36: 1.54 | F36: 0.16 | G36: 0.4 | K36: 0.1 | L36: 0.08 | P36: 0.3 | Q36: =SUM(B36:P36) | S36: =(B36/$Q36) | T36: =(C36/$Q36) | U36: =(D36/$Q36) | V36: =(E36/$Q36) | W36: =(F36/$Q36) | X36: =(G36/$Q36) | Y36: =(H36/$Q36) | Z36: =(I36/$Q36) | ... AG36: =(P36/$Q36) | AH36: =SUM(V36:X36) | AI36: =SUM(Z36:AF36) | AJ36: =SUM(AG36+AI36) | AK36: =AJ36+AH36 | AL36: =SUM(V36,Y36:AG36) | AM36: =SUM(W36:X36)
A37: 44726 | B37: 24.6 | C37: 0.2 | E37: 1.48 | F37: 0.34 | G37: 0.56 | H37: 0.04 | I37: 0.02 | L37: 0.06 | N37: 0.02 | P37: 0.22 | Q37: =SUM(B37:P37) | S37: =(B37/$Q37) | T37: =(C37/$Q37) | U37: =(D37/$Q37) | V37: =(E37/$Q37) | W37: =(F37/$Q37) | X37: =(G37/$Q37) | Y37: =(H37/$Q37) | Z37: =(I37/$Q37) | ... AG37: =(P37/$Q37) | AH37: =SUM(V37:X37) | AI37: =SUM(Z37:AF37) | AJ37: =SUM(AG37+AI37) | AK37: =AJ37+AH37 | AL37: =SUM(V37,Y37:AG37) | AM37: =SUM(W37:X37)
A38: 44824 | B38: 16.1 | C38: 0.36 | D38: 0.06 | E38: 0.54 | F38: 1.08 | G38: 0.58 | N38: 0.02 | P38: 0.4 | Q38: =SUM(B38:P38) | S38: =(B38/$Q38) | T38: =(C38/$Q38) | U38: =(D38/$Q38) | V38: =(E38/$Q38) | W38: =(F38/$Q38) | X38: =(G38/$Q38) | Y38: =(H38/$Q38) | Z38: =(I38/$Q38) | ... AG38: =(P38/$Q38) | AH38: =SUM(V38:X38) | AI38: =SUM(Z38:AF38) | AJ38: =SUM(AG38+AI38) | AK38: =AJ38+AH38 | AL38: =SUM(V38,Y38:AG38) | AM38: =SUM(W38:X38)
A39: 44834 | B39: 18.54 | C39: 0.24 | E39: 1.46 | F39: 1.88 | G39: 1.12 | I39: 0.02 | K39: 0.06 | L39: 0.06 | M39: 0.06 | N39: 0.02 | P39: 0.44 | Q39: =SUM(B39:P39) | S39: =(B39/$Q39) | T39: =(C39/$Q39) | U39: =(D39/$Q39) | V39: =(E39/$Q39) | W39: =(F39/$Q39) | X39: =(G39/$Q39) | Y39: =(H39/$Q39) | Z39: =(I39/$Q39) | ... AG39: =(P39/$Q39) | AH39: =SUM(V39:X39) | AI39: =SUM(Z39:AF39) | AJ39: =SUM(AG39+AI39) | AK39: =AJ39+AH39 | AL39: =SUM(V39,Y39:AG39) | AM39: =SUM(W39:X39)
A40: 44837 | B40: 26.8 | C40: 0.44 | E40: 0.48 | F40: 1.42 | G40: 0.88 | I40: 0.02 | K40: 0.02 | L40: 0.06 | M40: 0.02 | P40: 0.26 | Q40: =SUM(B40:P40) | S40: =(B40/$Q40) | T40: =(C40/$Q40) | U40: =(D40/$Q40) | V40: =(E40/$Q40) | W40: =(F40/$Q40) | X40: =(G40/$Q40) | Y40: =(H40/$Q40) | Z40: =(I40/$Q40) | ... AG40: =(P40/$Q40) | AH40: =SUM(V40:X40) | AI40: =SUM(Z40:AF40) | AJ40: =SUM(AG40+AI40) | AK40: =AJ40+AH40 | AL40: =SUM(V40,Y40:AG40) | AM40: =SUM(W40:X40)
A41: 44838 | B41: 28.96 | C41: 0.16 | E41: 0.38 | F41: 1.22 | G41: 0.46 | I41: 0.08 | L41: 0.06 | O41: 0.02 | P41: 0.82 | Q41: =SUM(B41:P41) | S41: =(B41/$Q41) | T41: =(C41/$Q41) | U41: =(D41/$Q41) | V41: =(E41/$Q41) | W41: =(F41/$Q41) | X41: =(G41/$Q41) | Y41: =(H41/$Q41) | Z41: =(I41/$Q41) | ... AG41: =(P41/$Q41) | AH41: =SUM(V41:X41) | AI41: =SUM(Z41:AF41) | AJ41: =SUM(AG41+AI41) | AK41: =AJ41+AH41 | AL41: =SUM(V41,Y41:AG41) | AM41: =SUM(W41:X41)
A42: 44845 | B42: 25.4 | G42: 1.28 | P42: 0.28 | Q42: =SUM(B42:P42) | S42: =(B42/$Q42) | T42: =(C42/$Q42) | U42: =(D42/$Q42) | V42: =(E42/$Q42) | W42: =(F42/$Q42) | X42: =(G42/$Q42) | Y42: =(H42/$Q42) | Z42: =(I42/$Q42) | ... AG42: =(P42/$Q42) | AH42: =SUM(V42:X42) | AI42: =SUM(Z42:AF42) | AJ42: =SUM(AG42+AI42) | AK42: =AJ42+AH42 | AL42: =SUM(V42,Y42:AG42) | AM42: =SUM(W42:X42)
A43: 44846 | B43: 12.94 | D43: 0.48 | E43: 0.38 | F43: 1.44 | G43: 0.38 | H43: 0.2 | P43: 0.46 | Q43: =SUM(B43:P43) | S43: =(B43/$Q43) | T43: =(C43/$Q43) | U43: =(D43/$Q43) | V43: =(E43/$Q43) | W43: =(F43/$Q43) | X43: =(G43/$Q43) | Y43: =(H43/$Q43) | Z43: =(I43/$Q43) | ... AG43: =(P43/$Q43) | AH43: =SUM(V43:X43) | AI43: =SUM(Z43:AF43) | AJ43: =SUM(AG43+AI43) | AK43: =AJ43+AH43 | AL43: =SUM(V43,Y43:AG43) | AM43: =SUM(W43:X43)
A44: 44847 | B44: 18.1 | C44: 0.58 | D44: 0.46 | F44: 2.88 | G44: 0.64 | L44: 0.8 | P44: 1.08 | Q44: =SUM(B44:P44) | S44: =(B44/$Q44) | T44: =(C44/$Q44) | U44: =(D44/$Q44) | V44: =(E44/$Q44) | W44: =(F44/$Q44) | X44: =(G44/$Q44) | Y44: =(H44/$Q44) | Z44: =(I44/$Q44) | ... AG44: =(P44/$Q44) | AH44: =SUM(V44:X44) | AI44: =SUM(Z44:AF44) | AJ44: =SUM(AG44+AI44) | AK44: =AJ44+AH44 | AL44: =SUM(V44,Y44:AG44) | AM44: =SUM(W44:X44)
A45: 44849 | B45: 17.48 | C45: 0.18 | F45: 2.68 | G45: 1.02 | I45: 0.18 | K45: 0.2 | N45: 0.2 | P45: 1.02 | Q45: =SUM(B45:P45) | S45: =(B45/$Q45) | T45: =(C45/$Q45) | U45: =(D45/$Q45) | V45: =(E45/$Q45) | W45: =(F45/$Q45) | X45: =(G45/$Q45) | Y45: =(H45/$Q45) | Z45: =(I45/$Q45) | ... AG45: =(P45/$Q45) | AH45: =SUM(V45:X45) | AI45: =SUM(Z45:AF45) | AJ45: =SUM(AG45+AI45) | AK45: =AJ45+AH45 | AL45: =SUM(V45,Y45:AG45) | AM45: =SUM(W45:X45)
A46: 44851 | B46: 24.22 | C46: 0.54 | D46: 0.46 | E46: 0.66 | F46: 4.64 | G46: 0.66 | H46: 0.2 | I46: 0.2 | N46: 0.04 | P46: 0 | Q46: =SUM(B46:P46) | S46: =(B46/$Q46) | T46: =(C46/$Q46) | U46: =(D46/$Q46) | V46: =(E46/$Q46) | W46: =(F46/$Q46) | X46: =(G46/$Q46) | Y46: =(H46/$Q46) | Z46: =(I46/$Q46) | ... AG46: =(P46/$Q46) | AH46: =SUM(V46:X46) | AI46: =SUM(Z46:AF46) | AJ46: =SUM(AG46+AI46) | AK46: =AJ46+AH46 | AL46: =SUM(V46,Y46:AG46) | AM46: =SUM(W46:X46)
A47: 44852 | B47: 19.98 | C47: 0.9 | D47: 0.66 | F47: 3.7 | G47: 1.34 | I47: 0.2 | N47: 0.2 | P47: 1.24 | Q47: =SUM(B47:P47) | S47: =(B47/$Q47) | T47: =(C47/$Q47) | U47: =(D47/$Q47) | V47: =(E47/$Q47) | W47: =(F47/$Q47) | X47: =(G47/$Q47) | Y47: =(H47/$Q47) | Z47: =(I47/$Q47) | ... AG47: =(P47/$Q47) | AH47: =SUM(V47:X47) | AI47: =SUM(Z47:AF47) | AJ47: =SUM(AG47+AI47) | AK47: =AJ47+AH47 | AL47: =SUM(V47,Y47:AG47) | AM47: =SUM(W47:X47)
A48: 44853 | B48: 18.48 | C48: 0.4 | F48: 2.42 | G48: 1.42 | N48: 0.04 | P48: 0.74 | Q48: =SUM(B48:P48) | S48: =(B48/$Q48) | T48: =(C48/$Q48) | U48: =(D48/$Q48) | V48: =(E48/$Q48) | W48: =(F48/$Q48) | X48: =(G48/$Q48) | Y48: =(H48/$Q48) | Z48: =(I48/$Q48) | ... AG48: =(P48/$Q48) | AH48: =SUM(V48:X48) | AI48: =SUM(Z48:AF48) | AJ48: =SUM(AG48+AI48) | AK48: =AJ48+AH48 | AL48: =SUM(V48,Y48:AG48) | AM48: =SUM(W48:X48)
A49: 44854 | B49: 16.86 | C49: 0.68 | D49: 0.08 | F49: 2.86 | G49: 0.86 | N49: 0.06 | P49: 0.76 | Q49: =SUM(B49:P49) | S49: =(B49/$Q49) | T49: =(C49/$Q49) | U49: =(D49/$Q49) | V49: =(E49/$Q49) | W49: =(F49/$Q49) | X49: =(G49/$Q49) | Y49: =(H49/$Q49) | Z49: =(I49/$Q49) | ... AG49: =(P49/$Q49) | AH49: =SUM(V49:X49) | AI49: =SUM(Z49:AF49) | AJ49: =SUM(AG49+AI49) | AK49: =AJ49+AH49 | AL49: =SUM(V49,Y49:AG49) | AM49: =SUM(W49:X49)
A50: 44855 | B50: 14.86 | C50: 0.26 | F50: 1.02 | G50: 1.38 | N50: 0.02 | P50: 0.26 | Q50: =SUM(B50:P50) | S50: =(B50/$Q50) | T50: =(C50/$Q50) | U50: =(D50/$Q50) | V50: =(E50/$Q50) | W50: =(F50/$Q50) | X50: =(G50/$Q50) | Y50: =(H50/$Q50) | Z50: =(I50/$Q50) | ... AG50: =(P50/$Q50) | AH50: =SUM(V50:X50) | AI50: =SUM(Z50:AF50) | AJ50: =SUM(AG50+AI50) | AK50: =AJ50+AH50 | AL50: =SUM(V50,Y50:AG50) | AM50: =SUM(W50:X50)
A51: 44858 | B51: 17.84 | C51: 0.14 | E51: 0.54 | F51: 1.2 | G51: 1.54 | N51: 0.1 | P51: 0.38 | Q51: =SUM(B51:P51) | S51: =(B51/$Q51) | T51: =(C51/$Q51) | U51: =(D51/$Q51) | V51: =(E51/$Q51) | W51: =(F51/$Q51) | X51: =(G51/$Q51) | Y51: =(H51/$Q51) | Z51: =(I51/$Q51) | ... AG51: =(P51/$Q51) | AH51: =SUM(V51:X51) | AI51: =SUM(Z51:AF51) | AJ51: =SUM(AG51+AI51) | AK51: =AJ51+AH51 | AL51: =SUM(V51,Y51:AG51) | AM51: =SUM(W51:X51)
A52: 44859 | B52: 19.3 | C52: 0.44 | G52: 2.12 | H52: 0.04 | I52: 0.04 | K52: 0.02 | N52: 0.02 | P52: 0.54 | Q52: =SUM(B52:P52) | S52: =(B52/$Q52) | T52: =(C52/$Q52) | U52: =(D52/$Q52) | V52: =(E52/$Q52) | W52: =(F52/$Q52) | X52: =(G52/$Q52) | Y52: =(H52/$Q52) | Z52: =(I52/$Q52) | ... AG52: =(P52/$Q52) | AH52: =SUM(V52:X52) | AI52: =SUM(Z52:AF52) | AJ52: =SUM(AG52+AI52) | AK52: =AJ52+AH52 | AL52: =SUM(V52,Y52:AG52) | AM52: =SUM(W52:X52)
A53: 44860 | B53: 16.22 | C53: 0.3 | E53: 0.36 | F53: 2.14 | G53: 0.66 | I53: 0.02 | K53: 0.02 | P53: 0.6 | Q53: =SUM(B53:P53) | S53: =(B53/$Q53) | T53: =(C53/$Q53) | U53: =(D53/$Q53) | V53: =(E53/$Q53) | W53: =(F53/$Q53) | X53: =(G53/$Q53) | Y53: =(H53/$Q53) | Z53: =(I53/$Q53) | ... AG53: =(P53/$Q53) | AH53: =SUM(V53:X53) | AI53: =SUM(Z53:AF53) | AJ53: =SUM(AG53+AI53) | AK53: =AJ53+AH53 | AL53: =SUM(V53,Y53:AG53) | AM53: =SUM(W53:X53)
A54: 44861 | B54: 16.3 | C54: 0.14 | F54: 1.84 | G54: 1.18 | I54: 0.02 | J54: 0.02 | P54: 1.24 | Q54: =SUM(B54:P54) | S54: =(B54/$Q54) | T54: =(C54/$Q54) | U54: =(D54/$Q54) | V54: =(E54/$Q54) | W54: =(F54/$Q54) | X54: =(G54/$Q54) | Y54: =(H54/$Q54) | Z54: =(I54/$Q54) | ... AG54: =(P54/$Q54) | AH54: =SUM(V54:X54) | AI54: =SUM(Z54:AF54) | AJ54: =SUM(AG54+AI54) | AK54: =AJ54+AH54 | AL54: =SUM(V54,Y54:AG54) | AM54: =SUM(W54:X54)
A55: 44861 | B55: 18.68 | C55: 0.54 | E55: 0.52 | F55: 2.46 | G55: 1.08 | I55: 0.04 | K55: 0.02 | N55: 0.02 | P55: 0.56 | Q55: =SUM(B55:P55) | S55: =(B55/$Q55) | T55: =(C55/$Q55) | U55: =(D55/$Q55) | V55: =(E55/$Q55) | W55: =(F55/$Q55) | X55: =(G55/$Q55) | Y55: =(H55/$Q55) | Z55: =(I55/$Q55) | ... AG55: =(P55/$Q55) | AH55: =SUM(V55:X55) | AI55: =SUM(Z55:AF55) | AJ55: =SUM(AG55+AI55) | AK55: =AJ55+AH55 | AL55: =SUM(V55,Y55:AG55) | AM55: =SUM(W55:X55)
A56: 44865 | B56: 21.78 | C56: 0.58 | E56: 1.42 | F56: 3.26 | G56: 1.4 | I56: 0.06 | K56: 0.02 | N56: 0.06 | P56: 0.88 | Q56: =SUM(B56:P56) | S56: =(B56/$Q56) | T56: =(C56/$Q56) | U56: =(D56/$Q56) | V56: =(E56/$Q56) | W56: =(F56/$Q56) | X56: =(G56/$Q56) | Y56: =(H56/$Q56) | Z56: =(I56/$Q56) | ... AG56: =(P56/$Q56) | AH56: =SUM(V56:X56) | AI56: =SUM(Z56:AF56) | AJ56: =SUM(AG56+AI56) | AK56: =AJ56+AH56 | AL56: =SUM(V56,Y56:AG56) | AM56: =SUM(W56:X56)
A57: 44866 | B57: 19.58 | C57: 0.96 | E57: 0.94 | F57: 2.8 | G57: 1.1 | I57: 0.06 | P57: 0.68 | Q57: =SUM(B57:P57) | S57: =(B57/$Q57) | T57: =(C57/$Q57) | U57: =(D57/$Q57) | V57: =(E57/$Q57) | W57: =(F57/$Q57) | X57: =(G57/$Q57) | Y57: =(H57/$Q57) | Z57: =(I57/$Q57) | ... AG57: =(P57/$Q57) | AH57: =SUM(V57:X57) | AI57: =SUM(Z57:AF57) | AJ57: =SUM(AG57+AI57) | AK57: =AJ57+AH57 | AL57: =SUM(V57,Y57:AG57) | AM57: =SUM(W57:X57)
A58: 44867 | B58: 16.98 | C58: 0.48 | E58: 0.28 | F58: 1.86 | G58: 2.04 | I58: 0.06 | P58: 0.62 | Q58: =SUM(B58:P58) | S58: =(B58/$Q58) | T58: =(C58/$Q58) | U58: =(D58/$Q58) | V58: =(E58/$Q58) | W58: =(F58/$Q58) | X58: =(G58/$Q58) | Y58: =(H58/$Q58) | Z58: =(I58/$Q58) | ... AG58: =(P58/$Q58) | AH58: =SUM(V58:X58) | AI58: =SUM(Z58:AF58) | AJ58: =SUM(AG58+AI58) | AK58: =AJ58+AH58 | AL58: =SUM(V58,Y58:AG58) | AM58: =SUM(W58:X58)
A59: 44868 | B59: 21.12 | C59: 0.28 | E59: 0.44 | F59: 1.52 | G59: 1 | N59: 0.02 | P59: 1.32 | Q59: =SUM(B59:P59) | S59: =(B59/$Q59) | T59: =(C59/$Q59) | U59: =(D59/$Q59) | V59: =(E59/$Q59) | W59: =(F59/$Q59) | X59: =(G59/$Q59) | Y59: =(H59/$Q59) | Z59: =(I59/$Q59) | ... AG59: =(P59/$Q59) | AH59: =SUM(V59:X59) | AI59: =SUM(Z59:AF59) | AJ59: =SUM(AG59+AI59) | AK59: =AJ59+AH59 | AL59: =SUM(V59,Y59:AG59) | AM59: =SUM(W59:X59)
A60: 44869 | B60: 20.88 | C60: 0.54 | E60: 1.1 | F60: 2.68 | G60: 1.06 | I60: 0.08 | K60: 0.04 | N60: 0.02 | P60: 1.1 | Q60: =SUM(B60:P60) | S60: =(B60/$Q60) | T60: =(C60/$Q60) | U60: =(D60/$Q60) | V60: =(E60/$Q60) | W60: =(F60/$Q60) | X60: =(G60/$Q60) | Y60: =(H60/$Q60) | Z60: =(I60/$Q60) | ... AG60: =(P60/$Q60) | AH60: =SUM(V60:X60) | AI60: =SUM(Z60:AF60) | AJ60: =SUM(AG60+AI60) | AK60: =AJ60+AH60 | AL60: =SUM(V60,Y60:AG60) | AM60: =SUM(W60:X60)
A61: 44872 | B61: 18.16 | C61: 0.54 | E61: 0.86 | F61: 1.28 | G61: 0.9 | I61: 0.04 | P61: 0.4 | Q61: =SUM(B61:P61) | S61: =(B61/$Q61) | T61: =(C61/$Q61) | U61: =(D61/$Q61) | V61: =(E61/$Q61) | W61: =(F61/$Q61) | X61: =(G61/$Q61) | Y61: =(H61/$Q61) | Z61: =(I61/$Q61) | ... AG61: =(P61/$Q61) | AH61: =SUM(V61:X61) | AI61: =SUM(Z61:AF61) | AJ61: =SUM(AG61+AI61) | AK61: =AJ61+AH61 | AL61: =SUM(V61,Y61:AG61) | AM61: =SUM(W61:X61)
A62: 44874 | B62: 20.86 | C62: 0.38 | E62: 0.7 | F62: 2.64 | G62: 1.4 | H62: 0.04 | I62: 0.04 | N62: 0.04 | P62: 0.58 | Q62: =SUM(B62:P62) | S62: =(B62/$Q62) | T62: =(C62/$Q62) | U62: =(D62/$Q62) | V62: =(E62/$Q62) | W62: =(F62/$Q62) | X62: =(G62/$Q62) | Y62: =(H62/$Q62) | Z62: =(I62/$Q62) | ... AG62: =(P62/$Q62) | AH62: =SUM(V62:X62) | AI62: =SUM(Z62:AF62) | AJ62: =SUM(AG62+AI62) | AK62: =AJ62+AH62 | AL62: =SUM(V62,Y62:AG62) | AM62: =SUM(W62:X62)
A63: 44875 | B63: 13.58 | C63: 0.4 | E63: 0.54 | F63: 2.32 | G63: 1.02 | N63: 0.04 | P63: 0.76 | Q63: =SUM(B63:P63) | S63: =(B63/$Q63) | T63: =(C63/$Q63) | U63: =(D63/$Q63) | V63: =(E63/$Q63) | W63: =(F63/$Q63) | X63: =(G63/$Q63) | Y63: =(H63/$Q63) | Z63: =(I63/$Q63) | ... AG63: =(P63/$Q63) | AH63: =SUM(V63:X63) | AI63: =SUM(Z63:AF63) | AJ63: =SUM(AG63+AI63) | AK63: =AJ63+AH63 | AL63: =SUM(V63,Y63:AG63) | AM63: =SUM(W63:X63)
A64: 44880 | B64: 17.54 | C64: 0.4 | E64: 0.78 | F64: 1.92 | G64: 0.74 | I64: 0.02 | P64: 0.6 | Q64: =SUM(B64:P64) | S64: =(B64/$Q64) | T64: =(C64/$Q64) | U64: =(D64/$Q64) | V64: =(E64/$Q64) | W64: =(F64/$Q64) | X64: =(G64/$Q64) | Y64: =(H64/$Q64) | Z64: =(I64/$Q64) | ... AG64: =(P64/$Q64) | AH64: =SUM(V64:X64) | AI64: =SUM(Z64:AF64) | AJ64: =SUM(AG64+AI64) | AK64: =AJ64+AH64 | AL64: =SUM(V64,Y64:AG64) | AM64: =SUM(W64:X64)
A65: 44882 | B65: 23.92 | C65: 0.62 | E65: 0.62 | F65: 1.96 | G65: 1.6 | P65: 0.4 | Q65: =SUM(B65:P65) | S65: =(B65/$Q65) | T65: =(C65/$Q65) | U65: =(D65/$Q65) | V65: =(E65/$Q65) | W65: =(F65/$Q65) | X65: =(G65/$Q65) | Y65: =(H65/$Q65) | Z65: =(I65/$Q65) | ... AG65: =(P65/$Q65) | AH65: =SUM(V65:X65) | AI65: =SUM(Z65:AF65) | AJ65: =SUM(AG65+AI65) | AK65: =AJ65+AH65 | AL65: =SUM(V65,Y65:AG65) | AM65: =SUM(W65:X65)
A66: 44883 | B66: 18.62 | C66: 0.36 | E66: 1.3 | F66: 1.7 | G66: 1.2 | M66: 0.06 | N66: 0.02 | P66: 0.2 | Q66: =SUM(B66:P66) | S66: =(B66/$Q66) | T66: =(C66/$Q66) | U66: =(D66/$Q66) | V66: =(E66/$Q66) | W66: =(F66/$Q66) | X66: =(G66/$Q66) | Y66: =(H66/$Q66) | Z66: =(I66/$Q66) | ... AG66: =(P66/$Q66) | AH66: =SUM(V66:X66) | AI66: =SUM(Z66:AF66) | AJ66: =SUM(AG66+AI66) | AK66: =AJ66+AH66 | AL66: =SUM(V66,Y66:AG66) | AM66: =SUM(W66:X66)
A67: 44887 | B67: 26.12 | D67: 0.92 | E67: 1.18 | F67: 2.64 | G67: 2.24 | J67: 0.02 | K67: 0.06 | M67: 0.06 | P67: 0.98 | Q67: =SUM(B67:P67) | S67: =(B67/$Q67) | T67: =(C67/$Q67) | U67: =(D67/$Q67) | V67: =(E67/$Q67) | W67: =(F67/$Q67) | X67: =(G67/$Q67) | Y67: =(H67/$Q67) | Z67: =(I67/$Q67) | ... AG67: =(P67/$Q67) | AH67: =SUM(V67:X67) | AI67: =SUM(Z67:AF67) | AJ67: =SUM(AG67+AI67) | AK67: =AJ67+AH67 | AL67: =SUM(V67,Y67:AG67) | AM67: =SUM(W67:X67)
A68: 44888 | B68: 21.16 | C68: 0.8 | E68: 1.32 | F68: 2.22 | G68: 0.56 | I68: 0.02 | P68: 0.92 | Q68: =SUM(B68:P68) | S68: =(B68/$Q68) | T68: =(C68/$Q68) | U68: =(D68/$Q68) | V68: =(E68/$Q68) | W68: =(F68/$Q68) | X68: =(G68/$Q68) | Y68: =(H68/$Q68) | Z68: =(I68/$Q68) | ... AG68: =(P68/$Q68) | AH68: =SUM(V68:X68) | AI68: =SUM(Z68:AF68) | AJ68: =SUM(AG68+AI68) | AK68: =AJ68+AH68 | AL68: =SUM(V68,Y68:AG68) | AM68: =SUM(W68:X68)
A69: 44890 | B69: 17.4 | C69: 0.44 | E69: 2.08 | F69: 3.4 | G69: 0.58 | I69: 0.1 | N69: 0.06 | P69: 1.82 | Q69: =SUM(B69:P69) | S69: =(B69/$Q69) | T69: =(C69/$Q69) | U69: =(D69/$Q69) | V69: =(E69/$Q69) | W69: =(F69/$Q69) | X69: =(G69/$Q69) | Y69: =(H69/$Q69) | Z69: =(I69/$Q69) | ... AG69: =(P69/$Q69) | AH69: =SUM(V69:X69) | AI69: =SUM(Z69:AF69) | AJ69: =SUM(AG69+AI69) | AK69: =AJ69+AH69 | AL69: =SUM(V69,Y69:AG69) | AM69: =SUM(W69:X69)
A70: 44893 | B70: 21.36 | E70: 0.42 | F70: 1.4 | G70: 0.7 | P70: 0.28 | Q70: =SUM(B70:P70) | S70: =(B70/$Q70) | T70: =(C70/$Q70) | U70: =(D70/$Q70) | V70: =(E70/$Q70) | W70: =(F70/$Q70) | X70: =(G70/$Q70) | Y70: =(H70/$Q70) | Z70: =(I70/$Q70) | ... AG70: =(P70/$Q70) | AH70: =SUM(V70:X70) | AI70: =SUM(Z70:AF70) | AJ70: =SUM(AG70+AI70) | AK70: =AJ70+AH70 | AL70: =SUM(V70,Y70:AG70) | AM70: =SUM(W70:X70)
A71: 44898 | B71: 18.98 | C71: 1.12 | D71: 0.02 | E71: 0.74 | F71: 1.22 | G71: 0.44 | I71: 0.04 | P71: 0.24 | Q71: =SUM(B71:P71) | S71: =(B71/$Q71) | T71: =(C71/$Q71) | U71: =(D71/$Q71) | V71: =(E71/$Q71) | W71: =(F71/$Q71) | X71: =(G71/$Q71) | Y71: =(H71/$Q71) | Z71: =(I71/$Q71) | ... AG71: =(P71/$Q71) | AH71: =SUM(V71:X71) | AI71: =SUM(Z71:AF71) | AJ71: =SUM(AG71+AI71) | AK71: =AJ71+AH71 | AL71: =SUM(V71,Y71:AG71) | AM71: =SUM(W71:X71)
A72: 44900 | B72: 18.92 | C72: 0.58 | E72: 0.56 | F72: 2.02 | G72: 0.64 | I72: 0.04 | K72: 0.02 | L72: 0.02 | P72: 0.26 | Q72: =SUM(B72:P72) | S72: =(B72/$Q72) | T72: =(C72/$Q72) | U72: =(D72/$Q72) | V72: =(E72/$Q72) | W72: =(F72/$Q72) | X72: =(G72/$Q72) | Y72: =(H72/$Q72) | Z72: =(I72/$Q72) | ... AG72: =(P72/$Q72) | AH72: =SUM(V72:X72) | AI72: =SUM(Z72:AF72) | AJ72: =SUM(AG72+AI72) | AK72: =AJ72+AH72 | AL72: =SUM(V72,Y72:AG72) | AM72: =SUM(W72:X72)
A73: 44901 | B73: 21.78 | C73: 1.34 | E73: 0.5 | F73: 1.46 | G73: 1.14 | N73: 0.02 | P73: 0.6 | Q73: =SUM(B73:P73) | S73: =(B73/$Q73) | T73: =(C73/$Q73) | U73: =(D73/$Q73) | V73: =(E73/$Q73) | W73: =(F73/$Q73) | X73: =(G73/$Q73) | Y73: =(H73/$Q73) | Z73: =(I73/$Q73) | ... AG73: =(P73/$Q73) | AH73: =SUM(V73:X73) | AI73: =SUM(Z73:AF73) | AJ73: =SUM(AG73+AI73) | AK73: =AJ73+AH73 | AL73: =SUM(V73,Y73:AG73) | AM73: =SUM(W73:X73)
A74: 44902 | B74: 11.62 | C74: 0.22 | E74: 0.78 | F74: 1.6 | G74: 0.86 | I74: 0.02 | K74: 0.04 | P74: 0.9 | Q74: =SUM(B74:P74) | S74: =(B74/$Q74) | T74: =(C74/$Q74) | U74: =(D74/$Q74) | V74: =(E74/$Q74) | W74: =(F74/$Q74) | X74: =(G74/$Q74) | Y74: =(H74/$Q74) | Z74: =(I74/$Q74) | ... AG74: =(P74/$Q74) | AH74: =SUM(V74:X74) | AI74: =SUM(Z74:AF74) | AJ74: =SUM(AG74+AI74) | AK74: =AJ74+AH74 | AL74: =SUM(V74,Y74:AG74) | AM74: =SUM(W74:X74)
A75: 44903 | B75: 27.44 | C75: 0.48 | D75: 0.2 | E75: 1.1 | F75: 2.56 | G75: 0.58 | K75: 0.04 | P75: 1.06 | Q75: =SUM(B75:P75) | S75: =(B75/$Q75) | T75: =(C75/$Q75) | U75: =(D75/$Q75) | V75: =(E75/$Q75) | W75: =(F75/$Q75) | X75: =(G75/$Q75) | Y75: =(H75/$Q75) | Z75: =(I75/$Q75) | ... AG75: =(P75/$Q75) | AH75: =SUM(V75:X75) | AI75: =SUM(Z75:AF75) | AJ75: =SUM(AG75+AI75) | AK75: =AJ75+AH75 | AL75: =SUM(V75,Y75:AG75) | AM75: =SUM(W75:X75)
A76: 44908 | B76: 22.9 | C76: 0.84 | E76: 1.22 | F76: 1.96 | G76: 1 | J76: 0.06 | P76: 0.62 | Q76: =SUM(B76:P76) | S76: =(B76/$Q76) | T76: =(C76/$Q76) | U76: =(D76/$Q76) | V76: =(E76/$Q76) | W76: =(F76/$Q76) | X76: =(G76/$Q76) | Y76: =(H76/$Q76) | Z76: =(I76/$Q76) | ... AG76: =(P76/$Q76) | AH76: =SUM(V76:X76) | AI76: =SUM(Z76:AF76) | AJ76: =SUM(AG76+AI76) | AK76: =AJ76+AH76 | AL76: =SUM(V76,Y76:AG76) | AM76: =SUM(W76:X76)
A77: 44909 | B77: 16.14 | C77: 0.52 | E77: 1 | F77: 1.96 | G77: 0.58 | I77: 0.02 | P77: 0.84 | Q77: =SUM(B77:P77) | S77: =(B77/$Q77) | T77: =(C77/$Q77) | U77: =(D77/$Q77) | V77: =(E77/$Q77) | W77: =(F77/$Q77) | X77: =(G77/$Q77) | Y77: =(H77/$Q77) | Z77: =(I77/$Q77) | ... AG77: =(P77/$Q77) | AH77: =SUM(V77:X77) | AI77: =SUM(Z77:AF77) | AJ77: =SUM(AG77+AI77) | AK77: =AJ77+AH77 | AL77: =SUM(V77,Y77:AG77) | AM77: =SUM(W77:X77)
A78: 44910 | B78: 18.7 | C78: 0.58 | E78: 1.06 | F78: 6.4 | G78: 2.64 | I78: 0.02 | J78: 0.04 | K78: 0.1 | N78: 0.06 | P78: 2.1 | Q78: =SUM(B78:P78) | S78: =(B78/$Q78) | T78: =(C78/$Q78) | U78: =(D78/$Q78) | V78: =(E78/$Q78) | W78: =(F78/$Q78) | X78: =(G78/$Q78) | Y78: =(H78/$Q78) | Z78: =(I78/$Q78) | ... AG78: =(P78/$Q78) | AH78: =SUM(V78:X78) | AI78: =SUM(Z78:AF78) | AJ78: =SUM(AG78+AI78) | AK78: =AJ78+AH78 | AL78: =SUM(V78,Y78:AG78) | AM78: =SUM(W78:X78)
A79: 44911 | B79: 12.88 | C79: 0.7 | E79: 0.92 | F79: 1.8 | G79: 0.5 | I79: 0.04 | K79: 0.02 | N79: 0.02 | P79: 0.88 | Q79: =SUM(B79:P79) | S79: =(B79/$Q79) | T79: =(C79/$Q79) | U79: =(D79/$Q79) | V79: =(E79/$Q79) | W79: =(F79/$Q79) | X79: =(G79/$Q79) | Y79: =(H79/$Q79) | Z79: =(I79/$Q79) | ... AG79: =(P79/$Q79) | AH79: =SUM(V79:X79) | AI79: =SUM(Z79:AF79) | AJ79: =SUM(AG79+AI79) | AK79: =AJ79+AH79 | AL79: =SUM(V79,Y79:AG79) | AM79: =SUM(W79:X79)
A80: 44914 | B80: 22.94 | C80: 1.1 | E80: 2.24 | F80: 4.3 | G80: 1.18 | K80: 0.2 | M80: 0.02 | N80: 0.02 | P80: 1.92 | Q80: =SUM(B80:P80) | S80: =(B80/$Q80) | T80: =(C80/$Q80) | U80: =(D80/$Q80) | V80: =(E80/$Q80) | W80: =(F80/$Q80) | X80: =(G80/$Q80) | Y80: =(H80/$Q80) | Z80: =(I80/$Q80) | ... AG80: =(P80/$Q80) | AH80: =SUM(V80:X80) | AI80: =SUM(Z80:AF80) | AJ80: =SUM(AG80+AI80) | AK80: =AJ80+AH80 | AL80: =SUM(V80,Y80:AG80) | AM80: =SUM(W80:X80)
A81: 44915 | B81: 12.1 | C81: 0.44 | E81: 0.92 | F81: 1.86 | G81: 1.18 | I81: 0.04 | K81: 0.02 | M81: 0.04 | N81: 0.02 | P81: 1 | Q81: =SUM(B81:P81) | S81: =(B81/$Q81) | T81: =(C81/$Q81) | U81: =(D81/$Q81) | V81: =(E81/$Q81) | W81: =(F81/$Q81) | X81: =(G81/$Q81) | Y81: =(H81/$Q81) | Z81: =(I81/$Q81) | ... AG81: =(P81/$Q81) | AH81: =SUM(V81:X81) | AI81: =SUM(Z81:AF81) | AJ81: =SUM(AG81+AI81) | AK81: =AJ81+AH81 | AL81: =SUM(V81,Y81:AG81) | AM81: =SUM(W81:X81)
A82: 44916 | B82: 21.74 | C82: 0.84 | E82: 1.3 | F82: 2.62 | G82: 1.34 | H82: 0.02 | K82: 0.04 | M82: 0.02 | N82: 0.02 | P82: 1.02 | Q82: =SUM(B82:P82) | S82: =(B82/$Q82) | T82: =(C82/$Q82) | U82: =(D82/$Q82) | V82: =(E82/$Q82) | W82: =(F82/$Q82) | X82: =(G82/$Q82) | Y82: =(H82/$Q82) | Z82: =(I82/$Q82) | ... AG82: =(P82/$Q82) | AH82: =SUM(V82:X82) | AI82: =SUM(Z82:AF82) | AJ82: =SUM(AG82+AI82) | AK82: =AJ82+AH82 | AL82: =SUM(V82,Y82:AG82) | AM82: =SUM(W82:X82)
A83: 44917 | B83: 15.2 | C83: 0.46 | E83: 1.84 | F83: 2.04 | G83: 1.24 | J83: 0.02 | M83: 0.02 | P83: 0.96 | Q83: =SUM(B83:P83) | S83: =(B83/$Q83) | T83: =(C83/$Q83) | U83: =(D83/$Q83) | V83: =(E83/$Q83) | W83: =(F83/$Q83) | X83: =(G83/$Q83) | Y83: =(H83/$Q83) | Z83: =(I83/$Q83) | ... AG83: =(P83/$Q83) | AH83: =SUM(V83:X83) | AI83: =SUM(Z83:AF83) | AJ83: =SUM(AG83+AI83) | AK83: =AJ83+AH83 | AL83: =SUM(V83,Y83:AG83) | AM83: =SUM(W83:X83)
A84: 44918 | B84: 18.54 | C84: 0.4 | E84: 1.4 | F84: 3.32 | G84: 0.8 | H84: 0.28 | K84: 0.04 | P84: 2.06 | Q84: =SUM(B84:P84) | S84: =(B84/$Q84) | T84: =(C84/$Q84) | U84: =(D84/$Q84) | V84: =(E84/$Q84) | W84: =(F84/$Q84) | X84: =(G84/$Q84) | Y84: =(H84/$Q84) | Z84: =(I84/$Q84) | ... AG84: =(P84/$Q84) | AH84: =SUM(V84:X84) | AI84: =SUM(Z84:AF84) | AJ84: =SUM(AG84+AI84) | AK84: =AJ84+AH84 | AL84: =SUM(V84,Y84:AG84) | AM84: =SUM(W84:X84)
A85: 44566 | B85: 15.32 | C85: 0.24 | D85: 5.74 | E85: 0.88 | F85: 2.58 | G85: 1.66 | L85: 0.02 | P85: 0.36 | Q85: =SUM(B85:P85) | S85: =(B85/$Q85) | T85: =(C85/$Q85) | U85: =(D85/$Q85) | V85: =(E85/$Q85) | W85: =(F85/$Q85) | X85: =(G85/$Q85) | Y85: =(H85/$Q85) | Z85: =(I85/$Q85) | ... AG85: =(P85/$Q85) | AH85: =SUM(V85:X85) | AI85: =SUM(Z85:AF85) | AJ85: =SUM(AG85+AI85) | AK85: =AJ85+AH85 | AL85: =SUM(V85,Y85:AG85) | AM85: =SUM(W85:X85)
A86: 44570 | B86: 15.68 | C86: 0.32 | D86: 4.16 | E86: 1.98 | F86: 1.94 | G86: 0.96 | L86: 0.02 | P86: 0.5 | Q86: =SUM(B86:P86) | S86: =(B86/$Q86) | T86: =(C86/$Q86) | U86: =(D86/$Q86) | V86: =(E86/$Q86) | W86: =(F86/$Q86) | X86: =(G86/$Q86) | Y86: =(H86/$Q86) | Z86: =(I86/$Q86) | ... AG86: =(P86/$Q86) | AH86: =SUM(V86:X86) | AI86: =SUM(Z86:AF86) | AJ86: =SUM(AG86+AI86) | AK86: =AJ86+AH86 | AL86: =SUM(V86,Y86:AG86) | AM86: =SUM(W86:X86)
A87: 44949 | B87: 16.48 | C87: 0.46 | D87: 5.96 | E87: 1.04 | F87: 2.76 | G87: 0.98 | I87: 0.04 | L87: 0.08 | N87: 0.02 | P87: 0.94 | Q87: =SUM(B87:P87) | S87: =(B87/$Q87) | T87: =(C87/$Q87) | U87: =(D87/$Q87) | V87: =(E87/$Q87) | W87: =(F87/$Q87) | X87: =(G87/$Q87) | Y87: =(H87/$Q87) | Z87: =(I87/$Q87) | ... AG87: =(P87/$Q87) | AH87: =SUM(V87:X87) | AI87: =SUM(Z87:AF87) | AJ87: =SUM(AG87+AI87) | AK87: =AJ87+AH87 | AL87: =SUM(V87,Y87:AG87) | AM87: =SUM(W87:X87)
A88: 44960 | B88: 12.08 | C88: 0.64 | D88: 5.9 | E88: 1.4 | F88: 2.74 | G88: 1.54 | H88: 0 | I88: 0.08 | J88: 0 | K88: 0.06 | L88: 0.02 | M88: 0 | N88: 0.04 | O88: 0.02 | P88: 0.64 | Q88: =SUM(B88:P88) | S88: =(B88/$Q88) | T88: =(C88/$Q88) | U88: =(D88/$Q88) | V88: =(E88/$Q88) | W88: =(F88/$Q88) | X88: =(G88/$Q88) | Y88: =(H88/$Q88) | Z88: =(I88/$Q88) | ... AG88: =(P88/$Q88) | AH88: =SUM(V88:X88) | AI88: =SUM(Z88:AF88) | AJ88: =SUM(AG88+AI88) | AK88: =AJ88+AH88 | AL88: =SUM(V88,Y88:AG88) | AM88: =SUM(W88:X88)
A89: 44970 | B89: 13.8 | C89: 0.38 | D89: 6.08 | E89: 0.94 | F89: 2.7 | G89: 1.38 | H89: 0.06 | I89: 0 | J89: 0 | K89: 0.1 | L89: 0.02 | M89: 0 | N89: 0.02 | O89: 0 | P89: 0.86 | Q89: =SUM(B89:P89) | S89: =(B89/$Q89) | T89: =(C89/$Q89) | U89: =(D89/$Q89) | V89: =(E89/$Q89) | W89: =(F89/$Q89) | X89: =(G89/$Q89) | Y89: =(H89/$Q89) | Z89: =(I89/$Q89) | ... AG89: =(P89/$Q89) | AH89: =SUM(V89:X89) | AI89: =SUM(Z89:AF89) | AJ89: =SUM(AG89+AI89) | AK89: =AJ89+AH89 | AL89: =SUM(V89,Y89:AG89) | AM89: =SUM(W89:X89)
A90: 44978 | B90: 9.84 | C90: 0.48 | D90: 7.7 | E90: 1.02 | F90: 1.6 | G90: 1.44 | H90: 0.02 | I90: 0.15 | J90: 0 | K90: 0 | L90: 0 | M90: 0 | N90: 0 | O90: 0.02 | P90: 0.5 | Q90: =SUM(B90:P90) | S90: =(B90/$Q90) | T90: =(C90/$Q90) | U90: =(D90/$Q90) | V90: =(E90/$Q90) | W90: =(F90/$Q90) | X90: =(G90/$Q90) | Y90: =(H90/$Q90) | Z90: =(I90/$Q90) | ... AG90: =(P90/$Q90) | AH90: =SUM(V90:X90) | AI90: =SUM(Z90:AF90) | AJ90: =SUM(AG90+AI90) | AK90: =AJ90+AH90 | AL90: =SUM(V90,Y90:AG90) | AM90: =SUM(W90:X90)
A91: 44982 | B91: 13.3 | C91: 0.3 | D91: 5.48 | E91: 0.18 | F91: 1.3 | G91: 0.46 | H91: 0 | I91: 0.02 | J91: 0 | K91: 0 | L91: 0 | M91: 0 | N91: 0 | O91: 0 | P91: 0.28 | Q91: =SUM(B91:P91) | S91: =(B91/$Q91) | T91: =(C91/$Q91) | U91: =(D91/$Q91) | V91: =(E91/$Q91) | W91: =(F91/$Q91) | X91: =(G91/$Q91) | Y91: =(H91/$Q91) | Z91: =(I91/$Q91) | ... AG91: =(P91/$Q91) | AH91: =SUM(V91:X91) | AI91: =SUM(Z91:AF91) | AJ91: =SUM(AG91+AI91) | AK91: =AJ91+AH91 | AL91: =SUM(V91,Y91:AG91) | AM91: =SUM(W91:X91)
A92: 44998 | B92: 19.42 | C92: 0.4 | D92: 4.42 | E92: 0.14 | F92: 1.24 | G92: 0.54 | H92: 0.04 | I92: 0.02 | J92: 0 | K92: 0 | L92: 0 | M92: 0 | N92: 0.02 | O92: 0 | P92: 0.46 | Q92: =SUM(B92:P92) | S92: =(B92/$Q92) | T92: =(C92/$Q92) | U92: =(D92/$Q92) | V92: =(E92/$Q92) | W92: =(F92/$Q92) | X92: =(G92/$Q92) | Y92: =(H92/$Q92) | Z92: =(I92/$Q92) | ... AG92: =(P92/$Q92) | AH92: =SUM(V92:X92) | AI92: =SUM(Z92:AF92) | AJ92: =SUM(AG92+AI92) | AK92: =AJ92+AH92 | AL92: =SUM(V92,Y92:AG92) | AM92: =SUM(W92:X92)
A93: 45006 | B93: 9.92 | C93: 0.56 | D93: 5.22 | E93: 0.44 | F93: 1.98 | G93: 0.96 | H93: 0 | I93: 0 | J93: 0.06 | K93: 0.06 | L93: 0.04 | M93: 0 | N93: 0 | O93: 0 | P93: 0.5 | Q93: =SUM(B93:P93) | S93: =(B93/$Q93) | T93: =(C93/$Q93) | U93: =(D93/$Q93) | V93: =(E93/$Q93) | W93: =(F93/$Q93) | X93: =(G93/$Q93) | Y93: =(H93/$Q93) | Z93: =(I93/$Q93) | ... AG93: =(P93/$Q93) | AH93: =SUM(V93:X93) | AI93: =SUM(Z93:AF93) | AJ93: =SUM(AG93+AI93) | AK93: =AJ93+AH93 | AL93: =SUM(V93,Y93:AG93) | AM93: =SUM(W93:X93)
A94: 45015 | B94: 13.26 | C94: 0.38 | D94: 5.22 | E94: 0.44 | F94: 1.44 | G94: 0.52 | H94: 0 | I94: 0.02 | J94: 0 | K94: 0 | L94: 0 | M94: 0.04 | N94: 0 | O94: 0 | P94: 0.52 | Q94: =SUM(B94:P94) | S94: =(B94/$Q94) | T94: =(C94/$Q94) | U94: =(D94/$Q94) | V94: =(E94/$Q94) | W94: =(F94/$Q94) | X94: =(G94/$Q94) | Y94: =(H94/$Q94) | Z94: =(I94/$Q94) | ... AG94: =(P94/$Q94) | AH94: =SUM(V94:X94) | AI94: =SUM(Z94:AF94) | AJ94: =SUM(AG94+AI94) | AK94: =AJ94+AH94 | AL94: =SUM(V94,Y94:AG94) | AM94: =SUM(W94:X94)
A95: 45078 | B95: 10.1 | C95: 0.3 | E95: 1.16 | F95: 1.54 | G95: 0.3 | I95: 0.16 | J95: 0.02 | K95: 0.1 | P95: 0.52 | Q95: =SUM(B95:P95) | S95: =(B95/$Q95) | T95: =(C95/$Q95) | U95: =(D95/$Q95) | V95: =(E95/$Q95) | W95: =(F95/$Q95) | X95: =(G95/$Q95) | Y95: =(H95/$Q95) | Z95: =(I95/$Q95) | ... AG95: =(P95/$Q95) | AH95: =SUM(V95:X95) | AI95: =SUM(Z95:AF95) | AJ95: =SUM(AG95+AI95) | AK95: =AJ95+AH95 | AL95: =SUM(V95,Y95:AG95) | AM95: =SUM(W95:X95)
A96: 45082 | B96: 7.74 | C96: 0.2 | D96: 5.9 | E96: 1.82 | F96: 1.6 | G96: 1.7 | H96: 0.16 | I96: 0.3 | J96: 0 | K96: 0.16 | L96: 0.04 | M96: 0 | N96: 0.04 | O96: 0 | P96: 1.54 | Q96: =SUM(B96:P96) | S96: =(B96/$Q96) | T96: =(C96/$Q96) | U96: =(D96/$Q96) | V96: =(E96/$Q96) | W96: =(F96/$Q96) | X96: =(G96/$Q96) | Y96: =(H96/$Q96) | Z96: =(I96/$Q96) | ... AG96: =(P96/$Q96) | AH96: =SUM(V96:X96) | AI96: =SUM(Z96:AF96) | AJ96: =SUM(AG96+AI96) | AK96: =AJ96+AH96 | AL96: =SUM(V96,Y96:AG96) | AM96: =SUM(W96:X96)
A97: 45089 | B97: 11.32 | C97: 4.76 | D97: 0.42 | E97: 1.88 | F97: 3.66 | G97: 0.96 | H97: 0 | I97: 0.18 | J97: 0 | K97: 0.06 | L97: 0 | M97: 0 | N97: 0 | O97: 0 | P97: 1.44 | Q97: =SUM(B97:P97) | S97: =(B97/$Q97) | T97: =(C97/$Q97) | U97: =(D97/$Q97) | V97: =(E97/$Q97) | W97: =(F97/$Q97) | X97: =(G97/$Q97) | Y97: =(H97/$Q97) | Z97: =(I97/$Q97) | ... AG97: =(P97/$Q97) | AH97: =SUM(V97:X97) | AI97: =SUM(Z97:AF97) | AJ97: =SUM(AG97+AI97) | AK97: =AJ97+AH97 | AL97: =SUM(V97,Y97:AG97) | AM97: =SUM(W97:X97)
A98: 45097 | B98: 9.12 | C98: 0.14 | D98: 3.2 | E98: 1.76 | F98: 3.36 | G98: 1.36 | H98: 0 | I98: 0.1 | J98: 0 | K98: 0.12 | L98: 0.06 | M98: 0 | N98: 0 | O98: 0 | P98: 0.9 | Q98: =SUM(B98:P98) | S98: =(B98/$Q98) | T98: =(C98/$Q98) | U98: =(D98/$Q98) | V98: =(E98/$Q98) | W98: =(F98/$Q98) | X98: =(G98/$Q98) | Y98: =(H98/$Q98) | Z98: =(I98/$Q98) | ... AG98: =(P98/$Q98) | AH98: =SUM(V98:X98) | AI98: =SUM(Z98:AF98) | AJ98: =SUM(AG98+AI98) | AK98: =AJ98+AH98 | AL98: =SUM(V98,Y98:AG98) | AM98: =SUM(W98:X98)
A99: 45117 | B99: 13.82 | C99: 1.24 | D99: 3.56 | E99: 1.36 | F99: 3.2 | G99: 0.28 | H99: 0 | I99: 0.02 | J99: 0 | K99: 0.06 | L99: 0.02 | M99: 0.04 | N99: 0 | O99: 0 | P99: 1.24 | Q99: =SUM(B99:P99) | S99: =(B99/$Q99) | T99: =(C99/$Q99) | U99: =(D99/$Q99) | V99: =(E99/$Q99) | W99: =(F99/$Q99) | X99: =(G99/$Q99) | Y99: =(H99/$Q99) | Z99: =(I99/$Q99) | ... AG99: =(P99/$Q99) | AH99: =SUM(V99:X99) | AI99: =SUM(Z99:AF99) | AJ99: =SUM(AG99+AI99) | AK99: =AJ99+AH99 | AL99: =SUM(V99,Y99:AG99) | AM99: =SUM(W99:X99)
A100: 45120 | B100: 19.32 | C100: 0.42 | D100: 5.62 | E100: 0.32 | F100: 1.12 | G100: 1.04 | H100: 0.06 | I100: 0.02 | J100: 0 | K100: 0 | L100: 0 | M100: 0 | N100: 0 | O100: 0.02 | P100: 0.58 | Q100: =SUM(B100:P100) | S100: =(B100/$Q100) | T100: =(C100/$Q100) | U100: =(D100/$Q100) | V100: =(E100/$Q100) | W100: =(F100/$Q100) | X100: =(G100/$Q100) | Y100: =(H100/$Q100) | Z100: =(I100/$Q100) | ... AG100: =(P100/$Q100) | AH100: =SUM(V100:X100) | AI100: =SUM(Z100:AF100) | AJ100: =SUM(AG100+AI100) | AK100: =AJ100+AH100 | AL100: =SUM(V100,Y100:AG100) | AM100: =SUM(W100:X100)
...

Sheet EMR
A1: Date | B1: Cartons 1.05 | C1: Cartons 1.04 | D1: JRM | E1: papier emballage et teintés (écrit couleurs) | F1: GM | G1: ELA | H1: PET Q7 (dont barquettes) | I1: PET Q8 (dont barquettes) | J1: PEPPPS (dont barquettes) | K1: films | L1: acier | M1: alu | N1: petits alu | O1: refus indésirables | P1: TOTAL | R1: carton brun (1.05) | S1: EMR 5,02 / 1.04 | T1: JRM | U1: papier emballage et teintés (écrit couleurs) | V1: GM | W1: ELA | X1: PET Q7 (dont barquettes) | Y1: PET Q8 (dont barquettes) | Z1: PEPPPS (dont barquettes) | AA1: films | AB1: acier | AC1: alu | AD1: petits alu | AE1: refus indésirables | AF1: TOTAL | AG1: TOTAL refus fibreux valorisables | AH1: TOTAL refus non fibreux valorisables | AI1: TOTAL REFUS hors fibreux | AJ1: TOTAL REFUS + refus fibreux | AK1: EMR Pureté | AL1: RefusCC | AM1: Année | AN1: Mois | AO1: Nb Caract
A2: 44593 | B2: 11.95 | C2: 3.45 | D2: 5.04 | F2: 3.66 | H2: 0.11 | O2: 0.45 | P2: =SUM(B2:O2) | R2: =(B2/$P2) | S2: =(C2/$P2) | T2: =(D2/$P2) | U2: =(E2/$P2) | V2: =(F2/$P2) | W2: =(G2/$P2) | X2: =(H2/$P2) | Y2: =(I2/$P2) | Z2: =(J2/$P2) | AA2: =(K2/P2) | AB2: =(L2/$P2) | AC2: =(M2/$P2) | AD2: =(N2/$P2) | AE2: =(O2/$P2) | AF2: =SUM(R2:AE2) | AG2: =T2+U2+V2 | AH2: =SUM(W2:AD2) | AI2: =AE2+AH2 | AJ2: =AI2+AG2
A3: 44622 | B3: 2.58 | C3: 2.58 | D3: 6 | F3: 2.02 | H3: 0.5 | J3: 0.06 | K3: 0.38 | L3: 0.1 | M3: 0.07 | O3: 0.62 | P3: =SUM(B3:O3) | R3: =(B3/$P3) | S3: =(C3/$P3) | T3: =(D3/$P3) | U3: =(E3/$P3) | V3: =(F3/$P3) | W3: =(G3/$P3) | X3: =(H3/$P3) | Y3: =(I3/$P3) | Z3: =(J3/$P3) | AA3: =(K3/P3) | AB3: =(L3/$P3) | AC3: =(M3/$P3) | AD3: =(N3/$P3) | AE3: =(O3/$P3) | AF3: =SUM(R3:AE3) | AG3: =T3+U3+V3 | AH3: =SUM(W3:AD3) | AI3: =AE3+AH3 | AJ3: =AI3+AG3
A4: 44624 | B4: 9.42 | C4: 2.78 | D4: 15.22 | F4: 3.78 | H4: 0.34 | J4: 0.04 | K4: 0.22 | L4: 0.06 | M4: 0.02 | O4: 0.54 | P4: =SUM(B4:O4) | R4: =(B4/$P4) | S4: =(C4/$P4) | T4: =(D4/$P4) | U4: =(E4/$P4) | V4: =(F4/$P4) | W4: =(G4/$P4) | X4: =(H4/$P4) | Y4: =(I4/$P4) | Z4: =(J4/$P4) | AA4: =(K4/P4) | AB4: =(L4/$P4) | AC4: =(M4/$P4) | AD4: =(N4/$P4) | AE4: =(O4/$P4) | AF4: =SUM(R4:AE4) | AG4: =T4+U4+V4 | AH4: =SUM(W4:AD4) | AI4: =AE4+AH4 | AJ4: =AI4+AG4
A5: 44627 | B5: 17.62 | C5: 0.88 | D5: 0.36 | E5: 1.1 | F5: 0.1 | H5: 0.14 | I5: 0.04 | O5: 0.52 | P5: =SUM(B5:O5) | R5: =(B5/$P5) | S5: =(C5/$P5) | T5: =(D5/$P5) | U5: =(E5/$P5) | V5: =(F5/$P5) | W5: =(G5/$P5) | X5: =(H5/$P5) | Y5: =(I5/$P5) | Z5: =(J5/$P5) | AA5: =(K5/P5) | AB5: =(L5/$P5) | AC5: =(M5/$P5) | AD5: =(N5/$P5) | AE5: =(O5/$P5) | AF5: =SUM(R5:AE5) | AG5: =T5+U5+V5 | AH5: =SUM(W5:AD5) | AI5: =AE5+AH5 | AJ5: =AI5+AG5
A6: 44641 | B6: 22.9 | C6: 0.86 | D6: 0.62 | F6: 0.28 | G6: 0.06 | H6: 0.14 | J6: 0.08 | N6: 0.1 | O6: 0.16 | P6: =SUM(B6:O6) | R6: =(B6/$P6) | S6: =(C6/$P6) | T6: =(D6/$P6) | U6: =(E6/$P6) | V6: =(F6/$P6) | W6: =(G6/$P6) | X6: =(H6/$P6) | Y6: =(I6/$P6) | Z6: =(J6/$P6) | AA6: =(K6/P6) | AB6: =(L6/$P6) | AC6: =(M6/$P6) | AD6: =(N6/$P6) | AE6: =(O6/$P6) | AF6: =SUM(R6:AE6) | AG6: =T6+U6+V6 | AH6: =SUM(W6:AD6) | AI6: =AE6+AH6 | AJ6: =AI6+AG6
A7: 44645 | B7: 20.48 | C7: 0.96 | D7: 0.28 | E7: 0.5 | F7: 0.04 | G7: 0.08 | H7: 0.04 | N7: 0.06 | O7: 0.08 | P7: =SUM(B7:O7) | R7: =(B7/$P7) | S7: =(C7/$P7) | T7: =(D7/$P7) | U7: =(E7/$P7) | V7: =(F7/$P7) | W7: =(G7/$P7) | X7: =(H7/$P7) | Y7: =(I7/$P7) | Z7: =(J7/$P7) | AA7: =(K7/P7) | AB7: =(L7/$P7) | AC7: =(M7/$P7) | AD7: =(N7/$P7) | AE7: =(O7/$P7) | AF7: =SUM(R7:AE7) | AG7: =T7+U7+V7 | AH7: =SUM(W7:AD7) | AI7: =AE7+AH7 | AJ7: =AI7+AG7
A8: 44655 | B8: 21.12 | C8: 2.86 | D8: 0.64 | E8: 1.68 | F8: 0.18 | G8: 0.02 | H8: 0.12 | N8: 0.18 | O8: 0.2 | P8: =SUM(B8:O8) | R8: =(B8/$P8) | S8: =(C8/$P8) | T8: =(D8/$P8) | U8: =(E8/$P8) | V8: =(F8/$P8) | W8: =(G8/$P8) | X8: =(H8/$P8) | Y8: =(I8/$P8) | Z8: =(J8/$P8) | AA8: =(K8/P8) | AB8: =(L8/$P8) | AC8: =(M8/$P8) | AD8: =(N8/$P8) | AE8: =(O8/$P8) | AF8: =SUM(R8:AE8) | AG8: =T8+U8+V8 | AH8: =SUM(W8:AD8) | AI8: =AE8+AH8 | AJ8: =AI8+AG8
A9: 44662 | B9: 21.88 | C9: 0.48 | D9: 0.54 | E9: 1.6 | F9: 0.05 | H9: 0.16 | J9: 0.04 | K9: 0.04 | N9: 0.14 | O9: 1.9 | P9: =SUM(B9:O9) | R9: =(B9/$P9) | S9: =(C9/$P9) | T9: =(D9/$P9) | U9: =(E9/$P9) | V9: =(F9/$P9) | W9: =(G9/$P9) | X9: =(H9/$P9) | Y9: =(I9/$P9) | Z9: =(J9/$P9) | AA9: =(K9/P9) | AB9: =(L9/$P9) | AC9: =(M9/$P9) | AD9: =(N9/$P9) | AE9: =(O9/$P9) | AF9: =SUM(R9:AE9) | AG9: =T9+U9+V9 | AH9: =SUM(W9:AD9) | AI9: =AE9+AH9 | AJ9: =AI9+AG9
A10: 44674 | B10: 20.24 | C10: 0.64 | D10: 0.22 | E10: 0.38 | F10: 0.06 | G10: 0.1 | H10: 0.08 | N10: 0.14 | O10: 0.06 | P10: =SUM(B10:O10) | R10: =(B10/$P10) | S10: =(C10/$P10) | T10: =(D10/$P10) | U10: =(E10/$P10) | V10: =(F10/$P10) | W10: =(G10/$P10) | X10: =(H10/$P10) | Y10: =(I10/$P10) | Z10: =(J10/$P10) | AA10: =(K10/P10) | AB10: =(L10/$P10) | AC10: =(M10/$P10) | AD10: =(N10/$P10) | AE10: =(O10/$P10) | AF10: =SUM(R10:AE10) | AG10: =T10+U10+V10 | AH10: =SUM(W10:AD10) | AI10: =AE10+AH10 | AJ10: =AI10+AG10
A11: 44677 | B11: 15.02 | C11: 1.04 | D11: 0.16 | E11: 0.94 | F11: 0.28 | H11: 0.04 | L11: 0.02 | N11: 0.08 | O11: 0.04 | P11: =SUM(B11:O11) | R11: =(B11/$P11) | S11: =(C11/$P11) | T11: =(D11/$P11) | U11: =(E11/$P11) | V11: =(F11/$P11) | W11: =(G11/$P11) | X11: =(H11/$P11) | Y11: =(I11/$P11) | Z11: =(J11/$P11) | AA11: =(K11/P11) | AB11: =(L11/$P11) | AC11: =(M11/$P11) | AD11: =(N11/$P11) | AE11: =(O11/$P11) | AF11: =SUM(R11:AE11) | AG11: =T11+U11+V11 | AH11: =SUM(W11:AD11) | AI11: =AE11+AH11 | AJ11: =AI11+AG11
A12: 44687 | B12: 18.34 | C12: 1 | D12: 0.18 | E12: 1.24 | G12: 0.08 | H12: 0.08 | N12: 0.06 | O12: 0.24 | P12: =SUM(B12:O12) | R12: =(B12/$P12) | S12: =(C12/$P12) | T12: =(D12/$P12) | U12: =(E12/$P12) | V12: =(F12/$P12) | W12: =(G12/$P12) | X12: =(H12/$P12) | Y12: =(I12/$P12) | Z12: =(J12/$P12) | AA12: =(K12/P12) | AB12: =(L12/$P12) | AC12: =(M12/$P12) | AD12: =(N12/$P12) | AE12: =(O12/$P12) | AF12: =SUM(R12:AE12) | AG12: =T12+U12+V12 | AH12: =SUM(W12:AD12) | AI12: =AE12+AH12 | AJ12: =AI12+AG12
A13: 44693 | B13: 21.9 | C13: 0.58 | D13: 0.24 | E13: 1.74 | F13: 0.14 | G13: 0.14 | H13: 0.04 | J13: 0.06 | N13: 0.22 | O13: 0.3 | P13: =SUM(B13:O13) | R13: =(B13/$P13) | S13: =(C13/$P13) | T13: =(D13/$P13) | U13: =(E13/$P13) | V13: =(F13/$P13) | W13: =(G13/$P13) | X13: =(H13/$P13) | Y13: =(I13/$P13) | Z13: =(J13/$P13) | AA13: =(K13/P13) | AB13: =(L13/$P13) | AC13: =(M13/$P13) | AD13: =(N13/$P13) | AE13: =(O13/$P13) | AF13: =SUM(R13:AE13) | AG13: =T13+U13+V13 | AH13: =SUM(W13:AD13) | AI13: =AE13+AH13 | AJ13: =AI13+AG13
A14: 44704 | B14: 20.71 | C14: 0 | D14: 0.6 | E14: 1.18 | F14: 0.12 | G14: 0.02 | H14: 0.32 | L14: 0.08 | N14: 0.12 | O14: 0.59 | P14: =SUM(B14:O14) | R14: =(B14/$P14) | S14: =(C14/$P14) | T14: =(D14/$P14) | U14: =(E14/$P14) | V14: =(F14/$P14) | W14: =(G14/$P14) | X14: =(H14/$P14) | Y14: =(I14/$P14) | Z14: =(J14/$P14) | AA14: =(K14/P14) | AB14: =(L14/$P14) | AC14: =(M14/$P14) | AD14: =(N14/$P14) | AE14: =(O14/$P14) | AF14: =SUM(R14:AE14) | AG14: =T14+U14+V14 | AH14: =SUM(W14:AD14) | AI14: =AE14+AH14 | AJ14: =AI14+AG14
A15: 44712 | B15: 17.66 | C15: 1.88 | D15: 0.78 | E15: 1.16 | F15: 0.2 | G15: 0.52 | H15: 0.16 | J15: 0.1 | N15: 0.06 | O15: 0.56 | P15: =SUM(B15:O15) | R15: =(B15/$P15) | S15: =(C15/$P15) | T15: =(D15/$P15) | U15: =(E15/$P15) | V15: =(F15/$P15) | W15: =(G15/$P15) | X15: =(H15/$P15) | Y15: =(I15/$P15) | Z15: =(J15/$P15) | AA15: =(K15/P15) | AB15: =(L15/$P15) | AC15: =(M15/$P15) | AD15: =(N15/$P15) | AE15: =(O15/$P15) | AF15: =SUM(R15:AE15) | AG15: =T15+U15+V15 | AH15: =SUM(W15:AD15) | AI15: =AE15+AH15 | AJ15: =AI15+AG15
A16: 44837 | B16: 19.78 | C16: 3.22 | D16: 1.66 | F16: 0.24 | H16: 0.12 | K16: 0.08 | N16: 0.12 | O16: 0.68 | P16: =SUM(B16:O16) | R16: =(B16/$P16) | S16: =(C16/$P16) | T16: =(D16/$P16) | U16: =(E16/$P16) | V16: =(F16/$P16) | W16: =(G16/$P16) | X16: =(H16/$P16) | Y16: =(I16/$P16) | Z16: =(J16/$P16) | AA16: =(K16/P16) | AB16: =(L16/$P16) | AC16: =(M16/$P16) | AD16: =(N16/$P16) | AE16: =(O16/$P16) | AF16: =SUM(R16:AE16) | AG16: =T16+U16+V16 | AH16: =SUM(W16:AD16) | AI16: =AE16+AH16 | AJ16: =AI16+AG16
A17: 44845 | B17: 17.72 | C17: 0.86 | D17: 1 | E17: 1.68 | F17: 0.78 | H17: 0.24 | J17: 0.06 | N17: 0.14 | O17: 0.5 | P17: =SUM(B17:O17) | R17: =(B17/$P17) | S17: =(C17/$P17) | T17: =(D17/$P17) | U17: =(E17/$P17) | V17: =(F17/$P17) | W17: =(G17/$P17) | X17: =(H17/$P17) | Y17: =(I17/$P17) | Z17: =(J17/$P17) | AA17: =(K17/P17) | AB17: =(L17/$P17) | AC17: =(M17/$P17) | AD17: =(N17/$P17) | AE17: =(O17/$P17) | AF17: =SUM(R17:AE17) | AG17: =T17+U17+V17 | AH17: =SUM(W17:AD17) | AI17: =AE17+AH17 | AJ17: =AI17+AG17
A18: 44846 | B18: 17.44 | C18: 1 | D18: 1.22 | E18: 1 | F18: 0.14 | G18: 0.2 | H18: 0.2 | I18: 0.2 | J18: 0.8 | M18: 0.26 | N18: 0.22 | O18: 1.34 | P18: =SUM(B18:O18) | R18: =(B18/$P18) | S18: =(C18/$P18) | T18: =(D18/$P18) | U18: =(E18/$P18) | V18: =(F18/$P18) | W18: =(G18/$P18) | X18: =(H18/$P18) | Y18: =(I18/$P18) | Z18: =(J18/$P18) | AA18: =(K18/P18) | AB18: =(L18/$P18) | AC18: =(M18/$P18) | AD18: =(N18/$P18) | AE18: =(O18/$P18) | AF18: =SUM(R18:AE18) | AG18: =T18+U18+V18 | AH18: =SUM(W18:AD18) | AI18: =AE18+AH18 | AJ18: =AI18+AG18
A19: 44847 | B19: 13.6 | C19: 0.7 | D19: 0.44 | E19: 1.24 | F19: 0.26 | H19: 0.6 | L19: 0.1 | N19: 0.2 | O19: 0.82 | P19: =SUM(B19:O19) | R19: =(B19/$P19) | S19: =(C19/$P19) | T19: =(D19/$P19) | U19: =(E19/$P19) | V19: =(F19/$P19) | W19: =(G19/$P19) | X19: =(H19/$P19) | Y19: =(I19/$P19) | Z19: =(J19/$P19) | AA19: =(K19/P19) | AB19: =(L19/$P19) | AC19: =(M19/$P19) | AD19: =(N19/$P19) | AE19: =(O19/$P19) | AF19: =SUM(R19:AE19) | AG19: =T19+U19+V19 | AH19: =SUM(W19:AD19) | AI19: =AE19+AH19 | AJ19: =AI19+AG19
A20: 44849 | B20: 12.6 | C20: 1.04 | D20: 0.76 | E20: 1.14 | F20: 0.46 | G20: 0.06 | H20: 0.04 | N20: 0.04 | O20: 0.6 | P20: =SUM(B20:O20) | R20: =(B20/$P20) | S20: =(C20/$P20) | T20: =(D20/$P20) | U20: =(E20/$P20) | V20: =(F20/$P20) | W20: =(G20/$P20) | X20: =(H20/$P20) | Y20: =(I20/$P20) | Z20: =(J20/$P20) | AA20: =(K20/P20) | AB20: =(L20/$P20) | AC20: =(M20/$P20) | AD20: =(N20/$P20) | AE20: =(O20/$P20) | AF20: =SUM(R20:AE20) | AG20: =T20+U20+V20 | AH20: =SUM(W20:AD20) | AI20: =AE20+AH20 | AJ20: =AI20+AG20
A21: 44852 | B21: 20.38 | C21: 2.58 | D21: 2.2 | E21: 1.02 | F21: 1.02 | G21: 0.1 | H21: 0.06 | J21: 0.02 | L21: 0.1 | N21: 0.04 | O21: 1.26 | P21: =SUM(B21:O21) | R21: =(B21/$P21) | S21: =(C21/$P21) | T21: =(D21/$P21) | U21: =(E21/$P21) | V21: =(F21/$P21) | W21: =(G21/$P21) | X21: =(H21/$P21) | Y21: =(I21/$P21) | Z21: =(J21/$P21) | AA21: =(K21/P21) | AB21: =(L21/$P21) | AC21: =(M21/$P21) | AD21: =(N21/$P21) | AE21: =(O21/$P21) | AF21: =SUM(R21:AE21) | AG21: =T21+U21+V21 | AH21: =SUM(W21:AD21) | AI21: =AE21+AH21 | AJ21: =AI21+AG21
A22: 44854 | B22: 15.16 | C22: 1.48 | D22: 0.72 | E22: 0.84 | F22: 0.8 | G22: 0.2 | H22: 0.18 | L22: 0.4 | N22: 0.04 | O22: 1.44 | P22: =SUM(B22:O22) | R22: =(B22/$P22) | S22: =(C22/$P22) | T22: =(D22/$P22) | U22: =(E22/$P22) | V22: =(F22/$P22) | W22: =(G22/$P22) | X22: =(H22/$P22) | Y22: =(I22/$P22) | Z22: =(J22/$P22) | AA22: =(K22/P22) | AB22: =(L22/$P22) | AC22: =(M22/$P22) | AD22: =(N22/$P22) | AE22: =(O22/$P22) | AF22: =SUM(R22:AE22) | AG22: =T22+U22+V22 | AH22: =SUM(W22:AD22) | AI22: =AE22+AH22 | AJ22: =AI22+AG22
A23: 44858 | B23: 17.5 | C23: 0.84 | D23: 0.9 | E23: 2.3 | F23: 0.92 | H23: 0.1 | O23: 0.56 | P23: =SUM(B23:O23) | R23: =(B23/$P23) | S23: =(C23/$P23) | T23: =(D23/$P23) | U23: =(E23/$P23) | V23: =(F23/$P23) | W23: =(G23/$P23) | X23: =(H23/$P23) | Y23: =(I23/$P23) | Z23: =(J23/$P23) | AA23: =(K23/P23) | AB23: =(L23/$P23) | AC23: =(M23/$P23) | AD23: =(N23/$P23) | AE23: =(O23/$P23) | AF23: =SUM(R23:AE23) | AG23: =T23+U23+V23 | AH23: =SUM(W23:AD23) | AI23: =AE23+AH23 | AJ23: =AI23+AG23
A24: 44859 | B24: 20.2 | C24: 1.1 | D24: 0.6 | E24: 0.92 | F24: 0.54 | G24: 0.08 | H24: 0.06 | L24: 0.02 | O24: 1.06 | P24: =SUM(B24:O24) | R24: =(B24/$P24) | S24: =(C24/$P24) | T24: =(D24/$P24) | U24: =(E24/$P24) | V24: =(F24/$P24) | W24: =(G24/$P24) | X24: =(H24/$P24) | Y24: =(I24/$P24) | Z24: =(J24/$P24) | AA24: =(K24/P24) | AB24: =(L24/$P24) | AC24: =(M24/$P24) | AD24: =(N24/$P24) | AE24: =(O24/$P24) | AF24: =SUM(R24:AE24) | AG24: =T24+U24+V24 | AH24: =SUM(W24:AD24) | AI24: =AE24+AH24 | AJ24: =AI24+AG24
A25: 44862 | B25: 17.02 | C25: 0.96 | D25: 0.94 | E25: 0.48 | F25: 0.58 | G25: 0.2 | H25: 0.02 | I25: 0.02 | J25: 0.04 | O25: 0.64 | P25: =SUM(B25:O25) | R25: =(B25/$P25) | S25: =(C25/$P25) | T25: =(D25/$P25) | U25: =(E25/$P25) | V25: =(F25/$P25) | W25: =(G25/$P25) | X25: =(H25/$P25) | Y25: =(I25/$P25) | Z25: =(J25/$P25) | AA25: =(K25/P25) | AB25: =(L25/$P25) | AC25: =(M25/$P25) | AD25: =(N25/$P25) | AE25: =(O25/$P25) | AF25: =SUM(R25:AE25) | AG25: =T25+U25+V25 | AH25: =SUM(W25:AD25) | AI25: =AE25+AH25 | AJ25: =AI25+AG25
A26: 44865 | B26: 14.76 | C26: 1.58 | D26: 1.9 | E26: 1.06 | F26: 1 | G26: 0.04 | H26: 0.04 | J26: 0.06 | O26: 1.18 | P26: =SUM(B26:O26) | R26: =(B26/$P26) | S26: =(C26/$P26) | T26: =(D26/$P26) | U26: =(E26/$P26) | V26: =(F26/$P26) | W26: =(G26/$P26) | X26: =(H26/$P26) | Y26: =(I26/$P26) | Z26: =(J26/$P26) | AA26: =(K26/P26) | AB26: =(L26/$P26) | AC26: =(M26/$P26) | AD26: =(N26/$P26) | AE26: =(O26/$P26) | AF26: =SUM(R26:AE26) | AG26: =T26+U26+V26 | AH26: =SUM(W26:AD26) | AI26: =AE26+AH26 | AJ26: =AI26+AG26
A27: 44872 | B27: 16.44 | C27: 0.76 | D27: 0.9 | E27: 2.12 | F27: 0.58 | H27: 0.04 | J27: 0.02 | O27: 0.94 | P27: =SUM(B27:O27) | R27: =(B27/$P27) | S27: =(C27/$P27) | T27: =(D27/$P27) | U27: =(E27/$P27) | V27: =(F27/$P27) | W27: =(G27/$P27) | X27: =(H27/$P27) | Y27: =(I27/$P27) | Z27: =(J27/$P27) | AA27: =(K27/P27) | AB27: =(L27/$P27) | AC27: =(M27/$P27) | AD27: =(N27/$P27) | AE27: =(O27/$P27) | AF27: =SUM(R27:AE27) | AG27: =T27+U27+V27 | AH27: =SUM(W27:AD27) | AI27: =AE27+AH27 | AJ27: =AI27+AG27
A28: 44873 | B28: 8.16 | C28: 1.78 | D28: 1.08 | E28: 0.54 | F28: 0.48 | G28: 0.1 | H28: 0.08 | J28: 0.08 | O28: 0.24 | P28: =SUM(B28:O28) | R28: =(B28/$P28) | S28: =(C28/$P28) | T28: =(D28/$P28) | U28: =(E28/$P28) | V28: =(F28/$P28) | W28: =(G28/$P28) | X28: =(H28/$P28) | Y28: =(I28/$P28) | Z28: =(J28/$P28) | AA28: =(K28/P28) | AB28: =(L28/$P28) | AC28: =(M28/$P28) | AD28: =(N28/$P28) | AE28: =(O28/$P28) | AF28: =SUM(R28:AE28) | AG28: =T28+U28+V28 | AH28: =SUM(W28:AD28) | AI28: =AE28+AH28 | AJ28: =AI28+AG28
A29: 44880 | B29: 20.08 | C29: 2.16 | D29: 1.44 | E29: 0.8 | F29: 0.4 | G29: 0.3 | H29: 0.04 | I29: 0.08 | J29: 0.04 | O29: 1.3 | P29: =SUM(B29:O29) | R29: =(B29/$P29) | S29: =(C29/$P29) | T29: =(D29/$P29) | U29: =(E29/$P29) | V29: =(F29/$P29) | W29: =(G29/$P29) | X29: =(H29/$P29) | Y29: =(I29/$P29) | Z29: =(J29/$P29) | AA29: =(K29/P29) | AB29: =(L29/$P29) | AC29: =(M29/$P29) | AD29: =(N29/$P29) | AE29: =(O29/$P29) | AF29: =SUM(R29:AE29) | AG29: =T29+U29+V29 | AH29: =SUM(W29:AD29) | AI29: =AE29+AH29 | AJ29: =AI29+AG29
A30: 44882 | B30: 22.4 | C30: 1.22 | D30: 0.42 | E30: 1.26 | F30: 0.38 | G30: 0.06 | O30: 0.34 | P30: =SUM(B30:O30) | R30: =(B30/$P30) | S30: =(C30/$P30) | T30: =(D30/$P30) | U30: =(E30/$P30) | V30: =(F30/$P30) | W30: =(G30/$P30) | X30: =(H30/$P30) | Y30: =(I30/$P30) | Z30: =(J30/$P30) | AA30: =(K30/P30) | AB30: =(L30/$P30) | AC30: =(M30/$P30) | AD30: =(N30/$P30) | AE30: =(O30/$P30) | AF30: =SUM(R30:AE30) | AG30: =T30+U30+V30 | AH30: =SUM(W30:AD30) | AI30: =AE30+AH30 | AJ30: =AI30+AG30
A31: 44887 | B31: 15.02 | C31: 0.9 | D31: 0.88 | E31: 0.78 | F31: 0.62 | G31: 0.18 | H31: 0.1 | L31: 0.04 | O31: 1.06 | P31: =SUM(B31:O31) | R31: =(B31/$P31) | S31: =(C31/$P31) | T31: =(D31/$P31) | U31: =(E31/$P31) | V31: =(F31/$P31) | W31: =(G31/$P31) | X31: =(H31/$P31) | Y31: =(I31/$P31) | Z31: =(J31/$P31) | AA31: =(K31/P31) | AB31: =(L31/$P31) | AC31: =(M31/$P31) | AD31: =(N31/$P31) | AE31: =(O31/$P31) | AF31: =SUM(R31:AE31) | AG31: =T31+U31+V31 | AH31: =SUM(W31:AD31) | AI31: =AE31+AH31 | AJ31: =AI31+AG31
A32: 44889 | B32: 13.9 | C32: 1.2 | D32: 1.18 | E32: 1.1 | F32: 0.34 | H32: 0.08 | J32: 0.08 | O32: 1.1 | P32: =SUM(B32:O32) | R32: =(B32/$P32) | S32: =(C32/$P32) | T32: =(D32/$P32) | U32: =(E32/$P32) | V32: =(F32/$P32) | W32: =(G32/$P32) | X32: =(H32/$P32) | Y32: =(I32/$P32) | Z32: =(J32/$P32) | AA32: =(K32/P32) | AB32: =(L32/$P32) | AC32: =(M32/$P32) | AD32: =(N32/$P32) | AE32: =(O32/$P32) | AF32: =SUM(R32:AE32) | AG32: =T32+U32+V32 | AH32: =SUM(W32:AD32) | AI32: =AE32+AH32 | AJ32: =AI32+AG32
A33: 44890 | B33: 15.8 | C33: 2.24 | D33: 1 | E33: 1.5 | F33: 0.4 | G33: 0.08 | H33: 0.06 | L33: 0.02 | O33: 1.36 | P33: =SUM(B33:O33) | R33: =(B33/$P33) | S33: =(C33/$P33) | T33: =(D33/$P33) | U33: =(E33/$P33) | V33: =(F33/$P33) | W33: =(G33/$P33) | X33: =(H33/$P33) | Y33: =(I33/$P33) | Z33: =(J33/$P33) | AA33: =(K33/P33) | AB33: =(L33/$P33) | AC33: =(M33/$P33) | AD33: =(N33/$P33) | AE33: =(O33/$P33) | AF33: =SUM(R33:AE33) | AG33: =T33+U33+V33 | AH33: =SUM(W33:AD33) | AI33: =AE33+AH33 | AJ33: =AI33+AG33
A34: 44898 | B34: 21.74 | C34: 0.6 | D34: 1.92 | F34: 0.52 | H34: 0.02 | J34: 0.08 | O34: 0.24 | P34: =SUM(B34:O34) | R34: =(B34/$P34) | S34: =(C34/$P34) | T34: =(D34/$P34) | U34: =(E34/$P34) | V34: =(F34/$P34) | W34: =(G34/$P34) | X34: =(H34/$P34) | Y34: =(I34/$P34) | Z34: =(J34/$P34) | AA34: =(K34/P34) | AB34: =(L34/$P34) | AC34: =(M34/$P34) | AD34: =(N34/$P34) | AE34: =(O34/$P34) | AF34: =SUM(R34:AE34) | AG34: =T34+U34+V34 | AH34: =SUM(W34:AD34) | AI34: =AE34+AH34 | AJ34: =AI34+AG34
A35: 44900 | B35: 22.54 | C35: 0.6 | D35: 0.18 | F35: 0.18 | H35: 0.04 | J35: 0.02 | L35: 0.02 | N35: 0.06 | O35: 0.16 | P35: =SUM(B35:O35) | R35: =(B35/$P35) | S35: =(C35/$P35) | T35: =(D35/$P35) | U35: =(E35/$P35) | V35: =(F35/$P35) | W35: =(G35/$P35) | X35: =(H35/$P35) | Y35: =(I35/$P35) | Z35: =(J35/$P35) | AA35: =(K35/P35) | AB35: =(L35/$P35) | AC35: =(M35/$P35) | AD35: =(N35/$P35) | AE35: =(O35/$P35) | AF35: =SUM(R35:AE35) | AG35: =T35+U35+V35 | AH35: =SUM(W35:AD35) | AI35: =AE35+AH35 | AJ35: =AI35+AG35
A36: 44902 | B36: 13.6 | C36: 1.4 | D36: 0.98 | E36: 1.24 | F36: 0.52 | G36: 0.02 | H36: 0.14 | I36: 0.04 | J36: 0.06 | L36: 0.02 | O36: 1.44 | P36: =SUM(B36:O36) | R36: =(B36/$P36) | S36: =(C36/$P36) | T36: =(D36/$P36) | U36: =(E36/$P36) | V36: =(F36/$P36) | W36: =(G36/$P36) | X36: =(H36/$P36) | Y36: =(I36/$P36) | Z36: =(J36/$P36) | AA36: =(K36/P36) | AB36: =(L36/$P36) | AC36: =(M36/$P36) | AD36: =(N36/$P36) | AE36: =(O36/$P36) | AF36: =SUM(R36:AE36) | AG36: =T36+U36+V36 | AH36: =SUM(W36:AD36) | AI36: =AE36+AH36 | AJ36: =AI36+AG36
A37: 44903 | B37: 13.88 | C37: 1.2 | D37: 0.72 | E37: 0.82 | F37: 0.42 | H37: 0.06 | J37: 0.04 | O37: 1 | P37: =SUM(B37:O37) | R37: =(B37/$P37) | S37: =(C37/$P37) | T37: =(D37/$P37) | U37: =(E37/$P37) | V37: =(F37/$P37) | W37: =(G37/$P37) | X37: =(H37/$P37) | Y37: =(I37/$P37) | Z37: =(J37/$P37) | AA37: =(K37/P37) | AB37: =(L37/$P37) | AC37: =(M37/$P37) | AD37: =(N37/$P37) | AE37: =(O37/$P37) | AF37: =SUM(R37:AE37) | AG37: =T37+U37+V37 | AH37: =SUM(W37:AD37) | AI37: =AE37+AH37 | AJ37: =AI37+AG37
A38: 44908 | B38: 16.94 | C38: 0.96 | D38: 0.26 | E38: 0.3 | F38: 0.3 | J38: 0.12 | O38: 0.6 | P38: =SUM(B38:O38) | R38: =(B38/$P38) | S38: =(C38/$P38) | T38: =(D38/$P38) | U38: =(E38/$P38) | V38: =(F38/$P38) | W38: =(G38/$P38) | X38: =(H38/$P38) | Y38: =(I38/$P38) | Z38: =(J38/$P38) | AA38: =(K38/P38) | AB38: =(L38/$P38) | AC38: =(M38/$P38) | AD38: =(N38/$P38) | AE38: =(O38/$P38) | AF38: =SUM(R38:AE38) | AG38: =T38+U38+V38 | AH38: =SUM(W38:AD38) | AI38: =AE38+AH38 | AJ38: =AI38+AG38
A39: 44909 | B39: 23.28 | C39: 1.02 | D39: 0.62 | E39: 1.36 | F39: 0.46 | H39: 0.08 | J39: 0.14 | L39: 0.16 | O39: 0.58 | P39: =SUM(B39:O39) | R39: =(B39/$P39) | S39: =(C39/$P39) | T39: =(D39/$P39) | U39: =(E39/$P39) | V39: =(F39/$P39) | W39: =(G39/$P39) | X39: =(H39/$P39) | Y39: =(I39/$P39) | Z39: =(J39/$P39) | AA39: =(K39/P39) | AB39: =(L39/$P39) | AC39: =(M39/$P39) | AD39: =(N39/$P39) | AE39: =(O39/$P39) | AF39: =SUM(R39:AE39) | AG39: =T39+U39+V39 | AH39: =SUM(W39:AD39) | AI39: =AE39+AH39 | AJ39: =AI39+AG39
A40: 44911 | B40: 22.88 | C40: 0.86 | D40: 1.2 | E40: 0.6 | F40: 0.84 | G40: 0.14 | H40: 0.08 | J40: 0.14 | O40: 1.32 | P40: =SUM(B40:O40) | R40: =(B40/$P40) | S40: =(C40/$P40) | T40: =(D40/$P40) | U40: =(E40/$P40) | V40: =(F40/$P40) | W40: =(G40/$P40) | X40: =(H40/$P40) | Y40: =(I40/$P40) | Z40: =(J40/$P40) | AA40: =(K40/P40) | AB40: =(L40/$P40) | AC40: =(M40/$P40) | AD40: =(N40/$P40) | AE40: =(O40/$P40) | AF40: =SUM(R40:AE40) | AG40: =T40+U40+V40 | AH40: =SUM(W40:AD40) | AI40: =AE40+AH40 | AJ40: =AI40+AG40
A41: 44915 | B41: 25.12 | C41: 2.06 | D41: 1.64 | E41: 0.06 | F41: 0.76 | G41: 0.04 | H41: 0.14 | J41: 0.02 | L41: 0.02 | O41: 1.92 | P41: =SUM(B41:O41) | R41: =(B41/$P41) | S41: =(C41/$P41) | T41: =(D41/$P41) | U41: =(E41/$P41) | V41: =(F41/$P41) | W41: =(G41/$P41) | X41: =(H41/$P41) | Y41: =(I41/$P41) | Z41: =(J41/$P41) | AA41: =(K41/P41) | AB41: =(L41/$P41) | AC41: =(M41/$P41) | AD41: =(N41/$P41) | AE41: =(O41/$P41) | AF41: =SUM(R41:AE41) | AG41: =T41+U41+V41 | AH41: =SUM(W41:AD41) | AI41: =AE41+AH41 | AJ41: =AI41+AG41
A42: 44961 | B42: 23.26 | C42: 2.82 | D42: 0.98 | E42: 0.8 | F42: 0.92 | G42: 0 | H42: 0 | I42: 0 | J42: 0 | K42: 0 | L42: 0 | M42: 0 | N42: 0 | O42: 0.22 | P42: =SUM(B42:O42) | R42: =(B42/$P42) | S42: =(C42/$P42) | T42: =(D42/$P42) | U42: =(E42/$P42) | V42: =(F42/$P42) | W42: =(G42/$P42) | X42: =(H42/$P42) | Y42: =(I42/$P42) | Z42: =(J42/$P42) | AA42: =(K42/P42) | AB42: =(L42/$P42) | AC42: =(M42/$P42) | AD42: =(N42/$P42) | AE42: =(O42/$P42) | AF42: =SUM(R42:AE42) | AG42: =T42+U42+V42 | AH42: =SUM(W42:AD42) | AI42: =AE42+AH42 | AJ42: =AI42+AG42
A43: 44971 | B43: 16.3 | C43: 2.84 | D43: 1.82 | E43: 0.3 | F43: 0.46 | G43: 0.08 | H43: 0.12 | I43: 0.02 | J43: 0.04 | K43: 0.1 | L43: 0 | M43: 0 | N43: 0 | O43: 0.36 | P43: =SUM(B43:O43) | R43: =(B43/$P43) | S43: =(C43/$P43) | T43: =(D43/$P43) | U43: =(E43/$P43) | V43: =(F43/$P43) | W43: =(G43/$P43) | X43: =(H43/$P43) | Y43: =(I43/$P43) | Z43: =(J43/$P43) | AA43: =(K43/P43) | AB43: =(L43/$P43) | AC43: =(M43/$P43) | AD43: =(N43/$P43) | AE43: =(O43/$P43) | AF43: =SUM(R43:AE43) | AG43: =T43+U43+V43 | AH43: =SUM(W43:AD43) | AI43: =AE43+AH43 | AJ43: =AI43+AG43
A44: 44982 | B44: 19.02 | C44: 2.44 | D44: 1.82 | E44: 0.08 | F44: 0.48 | G44: 0 | H44: 0.18 | I44: 0 | J44: 0.04 | K44: 0.08 | L44: 0.02 | M44: 0.02 | N44: 0 | O44: 0.5 | P44: =SUM(B44:O44) | R44: =(B44/$P44) | S44: =(C44/$P44) | T44: =(D44/$P44) | U44: =(E44/$P44) | V44: =(F44/$P44) | W44: =(G44/$P44) | X44: =(H44/$P44) | Y44: =(I44/$P44) | Z44: =(J44/$P44) | AA44: =(K44/P44) | AB44: =(L44/$P44) | AC44: =(M44/$P44) | AD44: =(N44/$P44) | AE44: =(O44/$P44) | AF44: =SUM(R44:AE44) | AG44: =T44+U44+V44 | AH44: =SUM(W44:AD44) | AI44: =AE44+AH44 | AJ44: =AI44+AG44
A45: 44998 | B45: 22.13 | C45: 4.84 | D45: 1.78 | E45: 1.68 | F45: 0.52 | G45: 0.08 | H45: 0 | I45: 0 | J45: 0.14 | K45: 0.08 | L45: 0 | M45: 0 | N45: 0.04 | O45: 0.7 | P45: =SUM(B45:O45) | R45: =(B45/$P45) | S45: =(C45/$P45) | T45: =(D45/$P45) | U45: =(E45/$P45) | V45: =(F45/$P45) | W45: =(G45/$P45) | X45: =(H45/$P45) | Y45: =(I45/$P45) | Z45: =(J45/$P45) | AA45: =(K45/P45) | AB45: =(L45/$P45) | AC45: =(M45/$P45) | AD45: =(N45/$P45) | AE45: =(O45/$P45) | AF45: =SUM(R45:AE45) | AG45: =T45+U45+V45 | AH45: =SUM(W45:AD45) | AI45: =AE45+AH45 | AJ45: =AI45+AG45
A46: 45006 | B46: 10.92 | C46: 3.44 | D46: 1.26 | E46: 0.2 | F46: 0.6 | G46: 0.08 | H46: 0.12 | I46: 0.02 | J46: 0 | K46: 0.08 | L46: 0.1 | M46: 0 | N46: 0 | O46: 0.34 | P46: =SUM(B46:O46) | R46: =(B46/$P46) | S46: =(C46/$P46) | T46: =(D46/$P46) | U46: =(E46/$P46) | V46: =(F46/$P46) | W46: =(G46/$P46) | X46: =(H46/$P46) | Y46: =(I46/$P46) | Z46: =(J46/$P46) | AA46: =(K46/P46) | AB46: =(L46/$P46) | AC46: =(M46/$P46) | AD46: =(N46/$P46) | AE46: =(O46/$P46) | AF46: =SUM(R46:AE46) | AG46: =T46+U46+V46 | AH46: =SUM(W46:AD46) | AI46: =AE46+AH46 | AJ46: =AI46+AG46
A47: 45016 | B47: 13.14 | C47: 5.18 | D47: 3.75 | E47: 0.14 | F47: 0.9 | G47: 0.1 | H47: 0.08 | I47: 0.04 | J47: 0.06 | K47: 0.6 | L47: 0.08 | M47: 0.02 | N47: 0 | O47: 1.64 | P47: =SUM(B47:O47) | R47: =(B47/$P47) | S47: =(C47/$P47) | T47: =(D47/$P47) | U47: =(E47/$P47) | V47: =(F47/$P47) | W47: =(G47/$P47) | X47: =(H47/$P47) | Y47: =(I47/$P47) | Z47: =(J47/$P47) | AA47: =(K47/P47) | AB47: =(L47/$P47) | AC47: =(M47/$P47) | AD47: =(N47/$P47) | AE47: =(O47/$P47) | AF47: =SUM(R47:AE47) | AG47: =T47+U47+V47 | AH47: =SUM(W47:AD47) | AI47: =AE47+AH47 | AJ47: =AI47+AG47
A48: 45078 | B48: 7.42 | C48: 3.42 | D48: 0 | E48: 0.44 | F48: 0.3 | G48: 0.04 | H48: 0.08 | I48: 0.04 | J48: 0.06 | K48: 0 | L48: 0.28 | M48: 0.04 | N48: 0 | O48: 2.4 | P48: =SUM(B48:O48) | R48: =(B48/$P48) | S48: =(C48/$P48) | T48: =(D48/$P48) | U48: =(E48/$P48) | V48: =(F48/$P48) | W48: =(G48/$P48) | X48: =(H48/$P48) | Y48: =(I48/$P48) | Z48: =(J48/$P48) | AA48: =(K48/P48) | AB48: =(L48/$P48) | AC48: =(M48/$P48) | AD48: =(N48/$P48) | AE48: =(O48/$P48) | AF48: =SUM(R48:AE48) | AG48: =T48+U48+V48 | AH48: =SUM(W48:AD48) | AI48: =AE48+AH48 | AJ48: =AI48+AG48
A49: 45089 | B49: 23 | C49: 3.48 | D49: 1.04 | E49: 0.2 | F49: 0.98 | G49: 0.1 | H49: 0.14 | I49: 0.06 | J49: 0 | K49: 0.02 | L49: 0 | M49: 0 | N49: 0 | O49: 1 | P49: =SUM(B49:O49) | R49: =(B49/$P49) | S49: =(C49/$P49) | T49: =(D49/$P49) | U49: =(E49/$P49) | V49: =(F49/$P49) | W49: =(G49/$P49) | X49: =(H49/$P49) | Y49: =(I49/$P49) | Z49: =(J49/$P49) | AA49: =(K49/P49) | AB49: =(L49/$P49) | AC49: =(M49/$P49) | AD49: =(N49/$P49) | AE49: =(O49/$P49) | AF49: =SUM(R49:AE49) | AG49: =T49+U49+V49 | AH49: =SUM(W49:AD49) | AI49: =AE49+AH49 | AJ49: =AI49+AG49
A50: 45110 | B50: 20.58 | C50: 2.1 | D50: 3.2 | E50: 0.02 | F50: 1.22 | G50: 0.02 | H50: 0.18 | I50: 0.04 | J50: 0.14 | K50: 0.18 | L50: 0 | M50: 0.04 | N50: 0.02 | O50: 0.48 | P50: =SUM(B50:O50) | R50: =(B50/$P50) | S50: =(C50/$P50) | T50: =(D50/$P50) | U50: =(E50/$P50) | V50: =(F50/$P50) | W50: =(G50/$P50) | X50: =(H50/$P50) | Y50: =(I50/$P50) | Z50: =(J50/$P50) | AA50: =(K50/P50) | AB50: =(L50/$P50) | AC50: =(M50/$P50) | AD50: =(N50/$P50) | AE50: =(O50/$P50) | AF50: =SUM(R50:AE50) | AG50: =T50+U50+V50 | AH50: =SUM(W50:AD50) | AI50: =AE50+AH50 | AJ50: =AI50+AG50
A51: 45128 | B51: 13.32 | C51: 4.36 | D51: 1.34 | E51: 0.4 | F51: 1.3 | G51: 0.04 | H51: 0.24 | I51: 0 | J51: 0.12 | K51: 0.02 | L51: 0 | M51: 0 | N51: 0 | O51: 1.14 | P51: =SUM(B51:O51) | R51: =(B51/$P51) | S51: =(C51/$P51) | T51: =(D51/$P51) | U51: =(E51/$P51) | V51: =(F51/$P51) | W51: =(G51/$P51) | X51: =(H51/$P51) | Y51: =(I51/$P51) | Z51: =(J51/$P51) | AA51: =(K51/P51) | AB51: =(L51/$P51) | AC51: =(M51/$P51) | AD51: =(N51/$P51) | AE51: =(O51/$P51) | AF51: =SUM(R51:AE51) | AG51: =T51+U51+V51 | AH51: =SUM(W51:AD51) | AI51: =AE51+AH51 | AJ51: =AI51+AG51
A52: 45134 | B52: 22.72 | C52: 3.28 | D52: 4.48 | E52: 0.54 | F52: 0.8 | G52: 0 | H52: 0.2 | I52: 0.04 | J52: 0.08 | K52: 0.26 | L52: 0.06 | M52: 0 | N52: 0 | O52: 1.68 | P52: =SUM(B52:O52) | R52: =(B52/$P52) | S52: =(C52/$P52) | T52: =(D52/$P52) | U52: =(E52/$P52) | V52: =(F52/$P52) | W52: =(G52/$P52) | X52: =(H52/$P52) | Y52: =(I52/$P52) | Z52: =(J52/$P52) | AA52: =(K52/P52) | AB52: =(L52/$P52) | AC52: =(M52/$P52) | AD52: =(N52/$P52) | AE52: =(O52/$P52) | AF52: =SUM(R52:AE52) | AG52: =T52+U52+V52 | AH52: =SUM(W52:AD52) | AI52: =AE52+AH52 | AJ52: =AI52+AG52
A53: 45139 | B53: 24.04 | C53: 2.68 | D53: 3.8 | E53: 1.16 | F53: 1.26 | G53: 0.04 | H53: 0.1 | I53: 0 | J53: 0.1 | K53: 0.06 | L53: 0 | M53: 0.02 | N53: 0 | O53: 1.48 | P53: =SUM(B53:O53) | R53: =(B53/$P53) | S53: =(C53/$P53) | T53: =(D53/$P53) | U53: =(E53/$P53) | V53: =(F53/$P53) | W53: =(G53/$P53) | X53: =(H53/$P53) | Y53: =(I53/$P53) | Z53: =(J53/$P53) | AA53: =(K53/P53) | AB53: =(L53/$P53) | AC53: =(M53/$P53) | AD53: =(N53/$P53) | AE53: =(O53/$P53) | AF53: =SUM(R53:AE53) | AG53: =T53+U53+V53 | AH53: =SUM(W53:AD53) | AI53: =AE53+AH53 | AJ53: =AI53+AG53
... A64: 45288 | B64: 30.24 | C64: 1.1 | D64: 0.18 | E64: 0.28 | F64: 0.88 | G64: 0.08 | H64: 0.04 | I64: 0 | J64: 0 | K64: 0.1 | L64: 0.1 | M64: 0 | N64: 0 | O64: 0.92 | P64: =SUM(B64:O64) | R64: =(B64/$P64) | S64: =(C64/$P64) | T64: =(D64/$P64) | U64: =(E64/$P64) | V64: =(F64/$P64) | W64: =(G64/$P64) | X64: =(H64/$P64) | Y64: =(I64/$P64) | Z64: =(J64/$P64) | AA64: =(K64/P64) | AB64: =(L64/$P64) | AC64: =(M64/$P64) | AD64: =(N64/$P64) | AE64: =(O64/$P64) | AF64: =SUM(R64:AE64) | AG64: =T64+U64+V64 | AH64: =SUM(W64:AD64) | AI64: =AE64+AH64 | AJ64: =AI64+AG64
A65: 45293 | B65: 25.96 | C65: 3.08 | D65: 0.62 | E65: 0.48 | F65: 1.36 | G65: 0 | H65: 0.2 | I65: 0.16 | J65: 0.04 | K65: 0.12 | L65: 0 | M65: 0 | N65: 0.02 | O65: 0.94 | P65: =SUM(B65:O65) | R65: =(B65/$P65) | S65: =(C65/$P65) | T65: =(D65/$P65) | U65: =(E65/$P65) | V65: =(F65/$P65) | W65: =(G65/$P65) | X65: =(H65/$P65) | Y65: =(I65/$P65) | Z65: =(J65/$P65) | AA65: =(K65/P65) | AB65: =(L65/$P65) | AC65: =(M65/$P65) | AD65: =(N65/$P65) | AE65: =(O65/$P65) | AF65: =SUM(R65:AE65) | AG65: =T65+U65+V65 | AH65: =SUM(W65:AD65) | AI65: =AE65+AH65 | AJ65: =AI65+AG65 | AK65: =SUM(R65:S65) | AL65: =AI65 | AM65: =YEAR(A65) | AN65: =MONTH(A65) | AO65: 1
A66: 45294 | B66: 2.87 | C66: 1.05 | D66: 1.99 | E66: 0.34 | F66: 0.26 | G66: 0.04 | H66: 0.08 | I66: 0 | J66: 0.08 | K66: 0.04 | L66: 0 | M66: 0 | N66: 0 | O66: 0.3 | P66: =SUM(B66:O66) | R66: =(B66/$P66) | S66: =(C66/$P66) | T66: =(D66/$P66) | U66: =(E66/$P66) | V66: =(F66/$P66) | W66: =(G66/$P66) | X66: =(H66/$P66) | Y66: =(I66/$P66) | Z66: =(J66/$P66) | AA66: =(K66/P66) | AB66: =(L66/$P66) | AC66: =(M66/$P66) | AD66: =(N66/$P66) | AE66: =(O66/$P66) | AF66: =SUM(R66:AE66) | AG66: =T66+U66+V66 | AH66: =SUM(W66:AD66) | AI66: =AE66+AH66 | AJ66: =AI66+AG66 | AK66: =SUM(R66:S66) | AL66: =AI66 | AM66: =YEAR(A66) | AN66: =MONTH(A66) | AO66: =AO65+1
A67: 45299 | B67: 23.89 | C67: 3.34 | D67: 3.68 | E67: 0.52 | F67: 2.2 | G67: 0 | H67: 0.15 | I67: 0 | J67: 0.02 | K67: 0.02 | L67: 0 | M67: 0.08 | N67: 0 | P67: =SUM(B67:O67) | R67: =(B67/$P67) | S67: =(C67/$P67) | T67: =(D67/$P67) | U67: =(E67/$P67) | V67: =(F67/$P67) | W67: =(G67/$P67) | X67: =(H67/$P67) | Y67: =(I67/$P67) | ... AE67: =(O67/$P67) | AF67: =SUM(R67:AE67) | AG67: =T67+U67+V67 | AH67: =SUM(W67:AD67) | AI67: =AE67+AH67 | AJ67: =AI67+AG67 | AK67: =SUM(R67:S67) | AL67: =AI67 | AM67: =YEAR(A67) | AN67: =MONTH(A67) | AO67: =AO66+1
A68: 45327 | B68: 31.76 | C68: 3.3 | D68: 2.32 | E68: 0.26 | F68: 1.74 | G68: 0.12 | H68: 0.06 | I68: 0 | J68: 0 | K68: 0.02 | L68: 0.04 | M68: 0 | N68: 0 | O68: 0.88 | P68: =SUM(B68:O68) | R68: =(B68/$P68) | S68: =(C68/$P68) | T68: =(D68/$P68) | U68: =(E68/$P68) | V68: =(F68/$P68) | W68: =(G68/$P68) | X68: =(H68/$P68) | Y68: =(I68/$P68) | ... AE68: =(O68/$P68) | AF68: =SUM(R68:AE68) | AG68: =T68+U68+V68 | AH68: =SUM(W68:AD68) | AI68: =AE68+AH68 | AJ68: =AI68+AG68 | AK68: =SUM(R68:S68) | AL68: =AI68 | AM68: =YEAR(A68) | AN68: =MONTH(A68) | AO68: =AO67+1
A69: 45339 | B69: 20.8 | C69: 6.26 | D69: 1.04 | E69: 0.2 | F69: 0.34 | G69: 0 | H69: 0 | I69: 0 | J69: 0 | K69: 0 | L69: 0 | M69: 0 | N69: 0 | O69: 0.22 | P69: =SUM(B69:O69) | R69: =(B69/$P69) | S69: =(C69/$P69) | T69: =(D69/$P69) | U69: =(E69/$P69) | V69: =(F69/$P69) | W69: =(G69/$P69) | X69: =(H69/$P69) | Y69: =(I69/$P69) | ... AE69: =(O69/$P69) | AG69: =T69+U69+V69 | AH69: =SUM(W69:AD69) | AI69: =AE69+AH69 | AJ69: =AI69+AG69 | AK69: =SUM(R69:S69) | AL69: =AI69 | AM69: =YEAR(A69) | AN69: =MONTH(A69) | AO69: =AO68+1
A70: 45342 | B70: 20.66 | C70: 5.86 | D70: 1.96 | E70: 0.8 | F70: 0.86 | G70: 0.04 | H70: 0 | I70: 0 | J70: 0.08 | K70: 0.08 | L70: 0.1 | M70: 0 | N70: 0 | O70: 0.86 | P70: =SUM(B70:O70) | R70: =(B70/$P70) | S70: =(C70/$P70) | T70: =(D70/$P70) | U70: =(E70/$P70) | V70: =(F70/$P70) | W70: =(G70/$P70) | X70: =(H70/$P70) | Y70: =(I70/$P70) | ... AE70: =(O70/$P70) | AG70: =T70+U70+V70 | AH70: =SUM(W70:AD70) | AI70: =AE70+AH70 | AJ70: =AI70+AG70 | AK70: =SUM(R70:S70) | AL70: =AI70 | AM70: =YEAR(A70) | AN70: =MONTH(A70) | AO70: =AO69+1
A71: 45362 | B71: 18.5 | C71: 6 | D71: 3.74 | E71: 1.74 | F71: 1.3 | G71: 0 | H71: 0.22 | I71: 0.08 | J71: 0.22 | K71: 0.06 | L71: 0.02 | M71: 0 | N71: 0 | O71: 2.34 | P71: =SUM(B71:O71) | R71: =(B71/$P71) | S71: =(C71/$P71) | T71: =(D71/$P71) | U71: =(E71/$P71) | V71: =(F71/$P71) | W71: =(G71/$P71) | X71: =(H71/$P71) | Y71: =(I71/$P71) | ... AE71: =(O71/$P71) | AG71: =T71+U71+V71 | AH71: =SUM(W71:AD71) | AI71: =AE71+AH71 | AJ71: =AI71+AG71 | AK71: =SUM(R71:S71) | AL71: =AI71 | AM71: =YEAR(A71) | AN71: =MONTH(A71) | AO71: =AO70+1
A72: 45363 | B72: 20.26 | C72: 5.38 | D72: 4.1 | E72: 0.64 | F72: 0.34 | G72: 0.12 | H72: 0.3 | I72: 0.04 | J72: 0.1 | K72: 0.08 | L72: 0.12 | M72: 0.1 | N72: 0 | O72: 1.32 | P72: =SUM(B72:O72) | R72: =(B72/$P72) | S72: =(C72/$P72) | T72: =(D72/$P72) | U72: =(E72/$P72) | V72: =(F72/$P72) | W72: =(G72/$P72) | X72: =(H72/$P72) | Y72: =(I72/$P72) | ... AE72: =(O72/$P72) | AG72: =T72+U72+V72 | AH72: =SUM(W72:AD72) | AI72: =AE72+AH72 | AJ72: =AI72+AG72 | AK72: =SUM(R72:S72) | AL72: =AI72 | AM72: =YEAR(A72) | AN72: =MONTH(A72) | AO72: =AO71+1
A73: 45394 | B73: 9.5 | C73: 2.42 | D73: 2.28 | E73: 1.34 | F73: 0.24 | G73: 0.06 | H73: 0.1 | J73: 0.02 | K73: 0 | L73: 0.14 | M73: 0 | O73: 1.02 | P73: =SUM(B73:O73) | R73: =(B73/$P73) | S73: =(C73/$P73) | T73: =(D73/$P73) | U73: =(E73/$P73) | V73: =(F73/$P73) | W73: =(G73/$P73) | X73: =(H73/$P73) | Y73: =(I73/$P73) | ... AE73: =(O73/$P73) | AG73: =T73+U73+V73 | AH73: =SUM(W73:AD73) | AI73: =AE73+AH73 | AJ73: =AI73+AG73 | AK73: =SUM(R73:S73) | AL73: =AI73 | AM73: =YEAR(A73) | AN73: =MONTH(A73) | AO73: =AO72+1
A74: 45397 | B74: 13.78 | C74: 5.92 | D74: 2.1 | E74: 0.98 | F74: 0.38 | G74: 0 | H74: 0.1 | I74: 0 | J74: 0.02 | K74: 0 | L74: 0 | M74: 0.02 | N74: 0 | O74: 1.6 | P74: =SUM(B74:O74) | R74: =(B74/$P74) | S74: =(C74/$P74) | T74: =(D74/$P74) | U74: =(E74/$P74) | V74: =(F74/$P74) | W74: =(G74/$P74) | X74: =(H74/$P74) | Y74: =(I74/$P74) | ... AE74: =(O74/$P74) | AG74: =T74+U74+V74 | AH74: =SUM(W74:AD74) | AI74: =AE74+AH74 | AJ74: =AI74+AG74 | AK74: =SUM(R74:S74) | AL74: =AI74 | AM74: =YEAR(A74) | AN74: =MONTH(A74) | AO74: =AO73+1
A75: 45399 | B75: 8.56 | C75: 3.72 | D75: 3.74 | E75: 0.74 | F75: 0.54 | G75: 0 | H75: 0.02 | I75: 0 | J75: 0.04 | K75: 0 | L75: 0 | M75: 0.02 | N75: 0 | O75: 0.64 | P75: =SUM(B75:O75) | R75: =(B75/$P75) | S75: =(C75/$P75) | T75: =(D75/$P75) | U75: =(E75/$P75) | V75: =(F75/$P75) | W75: =(G75/$P75) | X75: =(H75/$P75) | Y75: =(I75/$P75) | ... AE75: =(O75/$P75) | AG75: =T75+U75+V75 | AH75: =SUM(W75:AD75) | AI75: =AE75+AH75 | AJ75: =AI75+AG75 | AK75: =SUM(R75:S75) | AL75: =AI75 | AM75: =YEAR(A75) | AN75: =MONTH(A75) | AO75: =AO74+1
A76: 45400 | B76: 5.58 | C76: 5.02 | D76: 2.2 | E76: 1.9 | F76: 0.84 | G76: 0 | H76: 0.1 | I76: 0 | J76: 0 | K76: 0 | L76: 0 | M76: 0 | N76: 0 | O76: 1 | P76: =SUM(B76:O76) | R76: =(B76/$P76) | S76: =(C76/$P76) | T76: =(D76/$P76) | U76: =(E76/$P76) | V76: =(F76/$P76) | W76: =(G76/$P76) | X76: =(H76/$P76) | Y76: =(I76/$P76) | ... AE76: =(O76/$P76) | AG76: =T76+U76+V76 | AH76: =SUM(W76:AD76) | AI76: =AE76+AH76 | AJ76: =AI76+AG76 | AK76: =SUM(R76:S76) | AL76: =AI76 | AM76: =YEAR(A76) | AN76: =MONTH(A76) | AO76: =AO75+1
A77: 45404 | B77: 8 | C77: 2.8 | D77: 2.84 | E77: 1.68 | F77: 0.62 | G77: 0 | H77: 0.2 | I77: 0 | J77: 0 | K77: 0 | L77: 0 | M77: 0 | N77: 0 | O77: 1.14 | P77: =SUM(B77:O77) | R77: =(B77/$P77) | S77: =(C77/$P77) | T77: =(D77/$P77) | U77: =(E77/$P77) | V77: =(F77/$P77) | W77: =(G77/$P77) | X77: =(H77/$P77) | Y77: =(I77/$P77) | ... AE77: =(O77/$P77) | AG77: =T77+U77+V77 | AH77: =SUM(W77:AD77) | AI77: =AE77+AH77 | AJ77: =AI77+AG77 | AK77: =SUM(R77:S77) | AL77: =AI77 | AM77: =YEAR(A77) | AN77: =MONTH(A77) | AO77: =AO76+1
A78: 45404 | B78: 7.12 | C78: 3.64 | D78: 3.14 | E78: 1.02 | F78: 0.54 | G78: 0 | H78: 0.1 | I78: 0 | J78: 0 | K78: 0 | L78: 0.12 | M78: 0.02 | N78: 0 | O78: 1.4 | P78: =SUM(B78:O78) | R78: =(B78/$P78) | S78: =(C78/$P78) | T78: =(D78/$P78) | U78: =(E78/$P78) | V78: =(F78/$P78) | W78: =(G78/$P78) | X78: =(H78/$P78) | Y78: =(I78/$P78) | ... AE78: =(O78/$P78) | AG78: =T78+U78+V78 | AH78: =SUM(W78:AD78) | AI78: =AE78+AH78 | AJ78: =AI78+AG78 | AK78: =SUM(R78:S78) | AL78: =AI78 | AM78: =YEAR(A78) | AN78: =MONTH(A78) | AO78: =AO77+1
A79: 45405 | B79: 8.36 | C79: 3.26 | D79: 2.38 | E79: 0.64 | F79: 0.44 | G79: 0.04 | H79: 0.1 | I79: 0 | J79: 0.12 | K79: 0 | L79: 0.04 | M79: 0.02 | N79: 0 | O79: 1.1 | P79: =SUM(B79:O79) | R79: =(B79/$P79) | S79: =(C79/$P79) | T79: =(D79/$P79) | U79: =(E79/$P79) | V79: =(F79/$P79) | W79: =(G79/$P79) | X79: =(H79/$P79) | Y79: =(I79/$P79) | ... AE79: =(O79/$P79) | AG79: =T79+U79+V79 | AH79: =SUM(W79:AD79) | AI79: =AE79+AH79 | AJ79: =AI79+AG79 | AK79: =SUM(R79:S79) | AL79: =AI79 | AM79: =YEAR(A79) | AN79: =MONTH(A79) | AO79: =AO78+1
A80: 45406 | B80: 16.1 | C80: 3.88 | D80: 1.02 | E80: 0.9 | F80: 0.7 | G80: 0 | H80: 0.26 | I80: 0 | J80: 0.02 | K80: 0 | L80: 0 | M80: 0.02 | N80: 0 | O80: 0.46 | P80: =SUM(B80:O80) | R80: =(B80/$P80) | S80: =(C80/$P80) | T80: =(D80/$P80) | U80: =(E80/$P80) | V80: =(F80/$P80) | W80: =(G80/$P80) | X80: =(H80/$P80) | Y80: =(I80/$P80) | ... AE80: =(O80/$P80) | AG80: =T80+U80+V80 | AH80: =SUM(W80:AD80) | AI80: =AE80+AH80 | AJ80: =AI80+AG80 | AK80: =SUM(R80:S80) | AL80: =AI80 | AM80: =YEAR(A80) | AN80: =MONTH(A80) | AO80: =AO79+1
A81: 45407 | B81: 18.4 | C81: 7.84 | D81: 3.4 | E81: 1.82 | F81: 1.1 | G81: 0 | H81: 0.36 | I81: 0 | J81: 0 | K81: 0 | L81: 0.18 | M81: 0.06 | N81: 0 | O81: 4.74 | P81: =SUM(B81:O81) | R81: =(B81/$P81) | S81: =(C81/$P81) | T81: =(D81/$P81) | U81: =(E81/$P81) | V81: =(F81/$P81) | W81: =(G81/$P81) | X81: =(H81/$P81) | Y81: =(I81/$P81) | ... AE81: =(O81/$P81) | AG81: =T81+U81+V81 | AH81: =SUM(W81:AD81) | AI81: =AE81+AH81 | AJ81: =AI81+AG81 | AK81: =SUM(R81:S81) | AL81: =AI81 | AM81: =YEAR(A81) | AN81: =MONTH(A81) | AO81: =AO80+1
A82: 45411 | B82: 14.1 | C82: 5.02 | D82: 2.16 | E82: 1.34 | F82: 0.82 | G82: 0 | H82: 0.1 | I82: 0 | J82: 0 | K82: 0 | L82: 0.06 | M82: 0.02 | N82: 0 | O82: 2.12 | P82: =SUM(B82:O82) | R82: =(B82/$P82) | S82: =(C82/$P82) | T82: =(D82/$P82) | U82: =(E82/$P82) | V82: =(F82/$P82) | W82: =(G82/$P82) | X82: =(H82/$P82) | Y82: =(I82/$P82) | ... AE82: =(O82/$P82) | AG82: =T82+U82+V82 | AH82: =SUM(W82:AD82) | AI82: =AE82+AH82 | AJ82: =AI82+AG82 | AK82: =SUM(R82:S82) | AL82: =AI82 | AM82: =YEAR(A82) | AN82: =MONTH(A82) | AO82: =AO81+1
A83: 45412 | B83: 23.84 | C83: 5.96 | D83: 3.46 | E83: 2.22 | F83: 1.06 | G83: 0.34 | H83: 0.82 | I83: 0.08 | J83: 0.14 | K83: 0 | L83: 0.42 | M83: 0.1 | N83: 0 | O83: 2.42 | P83: =SUM(B83:O83) | R83: =(B83/$P83) | S83: =(C83/$P83) | T83: =(D83/$P83) | U83: =(E83/$P83) | V83: =(F83/$P83) | W83: =(G83/$P83) | X83: =(H83/$P83) | Y83: =(I83/$P83) | ... AE83: =(O83/$P83) | AG83: =T83+U83+V83 | AH83: =SUM(W83:AD83) | AI83: =AE83+AH83 | AJ83: =AI83+AG83 | AK83: =SUM(R83:S83) | AL83: =AI83 | AM83: =YEAR(A83) | AN83: =MONTH(A83) | AO83: =AO82+1
A84: 45474 | B84: 17.02 | C84: 4.68 | D84: 4 | E84: 0.68 | F84: 0.64 | G84: 0.04 | H84: 0.18 | I84: 0.08 | J84: 0.18 | K84: 0.04 | L84: 0.32 | M84: 0.04 | N84: 0 | O84: 2.32 | P84: =SUM(B84:O84) | R84: =(B84/$P84) | S84: =(C84/$P84) | T84: =(D84/$P84) | U84: =(E84/$P84) | V84: =(F84/$P84) | W84: =(G84/$P84) | X84: =(H84/$P84) | Y84: =(I84/$P84) | ... AE84: =(O84/$P84) | AG84: =T84+U84+V84 | AH84: =SUM(W84:AD84) | AI84: =AE84+AH84 | AJ84: =AI84+AG84 | AK84: =SUM(R84:S84) | AL84: =AI84 | AM84: =YEAR(A84) | AN84: =MONTH(A84) | AO84: =AO83+1
A85: 45500 | B85: 18.76 | C85: 3.41 | D85: 1.22 | E85: 1.06 | F85: 0.94 | G85: 0.06 | H85: 0.16 | I85: 0.02 | J85: 0.1 | K85: 0 | L85: 0 | M85: 0.06 | N85: 0 | O85: 1.02 | P85: =SUM(B85:O85) | R85: =(B85/$P85) | S85: =(C85/$P85) | T85: =(D85/$P85) | U85: =(E85/$P85) | V85: =(F85/$P85) | W85: =(G85/$P85) | X85: =(H85/$P85) | Y85: =(I85/$P85) | ... AE85: =(O85/$P85) | AG85: =T85+U85+V85 | AH85: =SUM(W85:AD85) | AI85: =AE85+AH85 | AJ85: =AI85+AG85 | AK85: =SUM(R85:S85) | AL85: =AI85 | AM85: =YEAR(A85) | AN85: =MONTH(A85) | AO85: =AO84+1
... A92: 45612 | B92: 26.54 | C92: 3.06 | D92: 2.16 | E92: 0.16 | F92: 0.36 | G92: 0 | H92: 0.22 | I92: 0 | J92: 0.02 | K92: 0.08 | L92: 0 | M92: 0.1 | N92: 0 | O92: 0.44 | P92: =SUM(B92:O92) | R92: =(B92/$P92) | S92: =(C92/$P92) | T92: =(D92/$P92) | U92: =(E92/$P92) | V92: =(F92/$P92) | W92: =(G92/$P92) | X92: =(H92/$P92) | Y92: =(I92/$P92) | ... AE92: =(O92/$P92) | AG92: =T92+U92+V92 | AH92: =SUM(W92:AD92) | AI92: =AE92+AH92 | AJ92: =AI92+AG92 | AK92: =SUM(R92:S92) | AL92: =AI92 | AM92: =YEAR(A92) | AN92: =MONTH(A92) | AO92: =AO91+1
A93: 45630 | B93: 19.54 | C93: 6.64 | D93: 1.38 | E93: 0.49 | F93: 0 | G93: 0 | H93: 0 | I93: 0 | J93: 0 | K93: 0.18 | L93: 0 | M93: 0 | N93: 0 | O93: 0.24 | P93: =SUM(B93:O93) | R93: =(B93/$P93) | S93: =(C93/$P93) | T93: =(D93/$P93) | U93: =(E93/$P93) | V93: =(F93/$P93) | W93: =(G93/$P93) | X93: =(H93/$P93) | Y93: =(I93/$P93) | ... AE93: =(O93/$P93) | AG93: =T93+U93+V93 | AH93: =SUM(W93:AD93) | AI93: =AE93+AH93 | AJ93: =AI93+AG93 | AK93: =SUM(R93:S93) | AL93: =AI93 | AM93: =YEAR(A93) | AN93: =MONTH(A93)
A94: 45647 | B94: 20.2 | C94: 3.9 | D94: 2.82 | E94: 0.8 | F94: 0.5 | G94: 0.04 | H94: 0.12 | I94: 0 | J94: 0.12 | K94: 0.18 | L94: 0.08 | M94: 0.16 | N94: 0 | O94: 1.02 | P94: =SUM(B94:O94) | R94: =(B94/$P94) | S94: =(C94/$P94) | T94: =(D94/$P94) | U94: =(E94/$P94) | V94: =(F94/$P94) | W94: =(G94/$P94) | X94: =(H94/$P94) | Y94: =(I94/$P94) | ... AE94: =(O94/$P94) | AG94: =T94+U94+V94 | AH94: =SUM(W94:AD94) | AI94: =AE94+AH94 | AJ94: =AI94+AG94 | AK94: =SUM(R94:S94) | AL94: =AI94 | AM94: =YEAR(A94) | AN94: =MONTH(A94) | AO94: =AO92+1
A95: 45663 | B95: 19.26 | C95: 3.94 | D95: 0.98 | E95: 0.12 | F95: 0.7 | G95: 0 | H95: 0.06 | I95: 0.08 | J95: 0.08 | K95: 0.04 | L95: 0 | M95: 0.06 | N95: 0 | O95: 0.22 | P95: =SUM(B95:O95) | R95: =(B95/$P95) | S95: =(C95/$P95) | T95: =(D95/$P95) | U95: =(E95/$P95) | V95: =(F95/$P95) | W95: =(G95/$P95) | X95: =(H95/$P95) | Y95: =(I95/$P95) | ... AE95: =(O95/$P95) | AG95: =T95+U95+V95 | AH95: =SUM(W95:AD95) | AI95: =AE95+AH95 | AJ95: =AI95+AG95 | AK95: =SUM(R95:S95) | AL95: =AI95 | AM95: =YEAR(A95) | AN95: =MONTH(A95) | AO95: =AO94+1
A96: 45670 | B96: 20.26 | C96: 4.04 | D96: 2.34 | E96: 0.44 | F96: 0.28 | G96: 0 | H96: 0.4 | I96: 0 | J96: 0 | K96: 0.16 | L96: 0 | M96: 0 | N96: 0.04 | O96: 1.1 | P96: =SUM(B96:O96) | R96: =(B96/$P96) | S96: =(C96/$P96) | T96: =(D96/$P96) | U96: =(E96/$P96) | V96: =(F96/$P96) | W96: =(G96/$P96) | X96: =(H96/$P96) | Y96: =(I96/$P96) | ... AE96: =(O96/$P96) | AG96: =T96+U96+V96 | AH96: =SUM(W96:AD96) | AI96: =AE96+AH96 | AJ96: =AI96+AG96 | AK96: =SUM(R96:S96) | AL96: =AI96 | AM96: =YEAR(A96) | AN96: =MONTH(A96) | AO96: =AO95+1
R97: =(B97/$P97) | S97: =(C97/$P97) | T97: =(D97/$P97) | U97: =(E97/$P97) | V97: =(F97/$P97) | W97: =(G97/$P97) | X97: =(H97/$P97) | Y97: =(I97/$P97) | ... AE97: =(O97/$P97) | AG97: =T97+U97+V97 | AH97: =SUM(W97:AD97) | AI97: =AE97+AH97 | AJ97: =AI97+AG97 | AK97: =SUM(R97:S97) | AL97: =AI97 | AM97: =YEAR(A97) | AN97: =MONTH(A97) | AO97: =AO96+1
R98: =(B98/$P98) | S98: =(C98/$P98) | T98: =(D98/$P98) | U98: =(E98/$P98) | V98: =(F98/$P98) | W98: =(G98/$P98) | X98: =(H98/$P98) | Y98: =(I98/$P98) | ... AE98: =(O98/$P98) | AG98: =T98+U98+V98 | AH98: =SUM(W98:AD98) | AI98: =AE98+AH98 | AJ98: =AI98+AG98 | AK98: =SUM(R98:S98) | AL98: =AI98 | AM98: =YEAR(A98) | AN98: =MONTH(A98) | AO98: =AO97+1
R99: =(B99/$P99) | S99: =(C99/$P99) | T99: =(D99/$P99) | U99: =(E99/$P99) | V99: =(F99/$P99) | W99: =(G99/$P99) | X99: =(H99/$P99) | Y99: =(I99/$P99) | ... AE99: =(O99/$P99) | AG99: =T99+U99+V99 | AH99: =SUM(W99:AD99) | AI99: =AE99+AH99 | AJ99: =AI99+AG99 | AK99: =SUM(R99:S99) | AL99: =AI99 | AM99: =YEAR(A99) | AN99: =MONTH(A99) | AO99: =AO98+1
Q102: EMR | R102: =AVERAGE(R2:R90) | S102: =AVERAGE(S2:S90) | T102: =AVERAGE(T2:T90) | U102: =AVERAGE(U2:U90) | V102: =AVERAGE(V2:V90) | W102: =AVERAGE(W2:W90) | X102: =AVERAGE(X2:X90) | Y102: =AVERAGE(Y2:Y90) | ... AE102: =AVERAGE(AE2:AE90) | AF102: =AVERAGE(AF2:AF89) | AG102: =AVERAGE(AG2:AG90) | AH102: =AVERAGE(AH2:AH90) | AI102: =AVERAGE(AI2:AI90) | AJ102: =AVERAGE(AJ2:AJ90)
Q104: 2024 | R104: =AVERAGE(R65:R94) | S104: =AVERAGE(S65:S94) | T104: =AVERAGE(T65:T94) | U104: =AVERAGE(U65:U94) | V104: =AVERAGE(V65:V94) | W104: =AVERAGE(W65:W94) | X104: =AVERAGE(X65:X94) | Y104: =AVERAGE(Y65:Y94) | ... AJ104: =AVERAGE(AJ65:AJ94)
Q105: Janvier | R105: =AVERAGE(R65:R67) | S105: =AVERAGE(S65:S67) | T105: =AVERAGE(T65:T67) | U105: =AVERAGE(U65:U67) | V105: =AVERAGE(V65:V67) | W105: =AVERAGE(W65:W67) | X105: =AVERAGE(X65:X67) | Y105: =AVERAGE(Y65:Y67) | ... AJ105: =AVERAGE(AJ65:AJ67)
Q106: Février | R106: =AVERAGE(R68:R70) | S106: =AVERAGE(S68:S70) | T106: =AVERAGE(T68:T70) | U106: =AVERAGE(U68:U70) | V106: =AVERAGE(V68:V70) | W106: =AVERAGE(W68:W70) | X106: =AVERAGE(X68:X70) | Y106: =AVERAGE(Y68:Y70) | ... AJ106: =AVERAGE(AJ68:AJ70)
Q107: Mars | R107: =AVERAGE(R71:R72) | S107: =AVERAGE(S71:S72) | T107: =AVERAGE(T71:T72) | U107: =AVERAGE(U71:U72) | V107: =AVERAGE(V71:V72) | W107: =AVERAGE(W71:W72) | X107: =AVERAGE(X71:X72) | Y107: =AVERAGE(Y71:Y72) | ... AJ107: =AVERAGE(AJ71:AJ72)
Q108: Avril | R108: =AVERAGE(R72:R73) | S108: =AVERAGE(S72:S73) | T108: =AVERAGE(T72:T73) | U108: =AVERAGE(U72:U73) | V108: =AVERAGE(V72:V73) | W108: =AVERAGE(W72:W73) | X108: =AVERAGE(X72:X73) | Y108: =AVERAGE(Y72:Y73) | ... AE108: =AVERAGE(AE72:AE73) | AF108: =AVERAGE(AF73:AF83) | AG108: =AVERAGE(AG72:AG73) | AH108: =AVERAGE(AH72:AH73) | AI108: =AVERAGE(AI72:AI73) | AJ108: =AVERAGE(AJ72:AJ73)
Q109: Mai | R109: / | S109: / | T109: / | U109: / | V109: / | W109: / | X109: / | Y109: / | Z109: / | AA109: / | AB109: / | AC109: / | AD109: / | AE109: / | AG109: / | AH109: / | AI109: / | AJ109: /
Q110: Juin | R110: / | S110: / | T110: / | U110: / | V110: / | W110: / | X110: / | Y110: / | Z110: / | AA110: / | AB110: / | AC110: / | AD110: / | AE110: / | AG110: / | AH110: / | AI110: / | AJ110: /
Q111: Juillet | R111: =AVERAGE(R84:R85) | S111: =AVERAGE(S84:S85) | T111: =AVERAGE(T84:T85) | U111: =AVERAGE(U84:U85) | V111: =AVERAGE(V84:V85) | W111: =AVERAGE(W84:W85) | X111: =AVERAGE(X84:X85) | Y111: =AVERAGE(Y84:Y85) | ... AJ111: =AVERAGE(AJ84:AJ85)
Q112: Aout | R112: / | S112: / | T112: / | U112: / | V112: / | W112: / | X112: / | Y112: / | Z112: / | AA112: / | AB112: / | AC112: / | AD112: / | AE112: / | AF112: / | AG112: / | AH112: / | AI112: / | AJ112: /
Q113: Septembre | R113: =AVERAGE(R86:R87) | S113: =AVERAGE(S86:S87) | T113: =AVERAGE(T86:T87) | U113: =AVERAGE(U86:U87) | V113: =AVERAGE(V86:V87) | W113: =AVERAGE(W86:W87) | X113: =AVERAGE(X86:X87) | Y113: =AVERAGE(Y86:Y87) | ... AJ113: =AVERAGE(AJ86:AJ87)
Q114: Octobre | R114: =AVERAGE(R88:R89) | S114: =AVERAGE(S88:S89) | T114: =AVERAGE(T88:T89) | U114: =AVERAGE(U88:U89) | V114: =AVERAGE(V88:V89) | W114: =AVERAGE(W88:W89) | X114: =AVERAGE(X88:X89) | Y114: =AVERAGE(Y88:Y89) | ... AJ114: =AVERAGE(AJ88:AJ89)
Q115: Novembre
Q116: Decembre

Sheet GM
A1: Date | B1: JRM | C1: Cartons 1.05 | D1: Cartons 1.04 | E1: GM | F1: ELA | G1: PET Q7 (dont barquettes) | H1: PET Q8 (dont barquettes) | I1: PEPPPS (dont barquettes) | J1: films | K1: acier | L1: alu | M1: petits alu | N1: refus indésirables | O1: TOTAL | Q1: jrm | R1: carton brun (1.05) | S1: EMR 5,02 | T1: GM | U1: ELA | V1: PET Q7 (dont barquettes) | W1: PET Q8 (dont barquettes) | X1: PEPPPS (dont barquettes) | Y1: films | Z1: acier | AA1: alu | AB1: petits alu | AC1: refus indésirables | AD1: TOTAL refus non fibreux valorisables | AE1: TOTAL REFUS | AF1: GM | AG1: Année | AH1: Mois | AI1: Nb Caract
A2: 44610 | B2: 2.38 | C2: 1.38 | D2: 1.79 | E2: 1.35 | G2: 0.23 | H2: 0.09 | L2: 0.12 | N2: 1.73 | O2: =SUM(B2:N2) | Q2: =B2/$O2 | R2: =C2/$O2 | S2: =D2/$O2 | T2: =E2/$O2 | U2: =F2/$O2 | V2: =G2/$O2 | W2: =H2/$O2 | X2: =I2/$O2 | ... AC2: =N2/$O2 | AD2: =SUM(U2:AB2) | AE2: =AC2+AD2
A3: 44645 | B3: 9.2 | C3: 2.36 | D3: 5.66 | E3: 3 | F3: 0.14 | G3: 0.5 | J3: 0.18 | K3: 0.34 | L3: 0.12 | M3: 0.02 | N3: 1.78 | O3: =SUM(B3:N3) | Q3: =B3/$O3 | R3: =C3/$O3 | S3: =D3/$O3 | T3: =E3/$O3 | U3: =F3/$O3 | V3: =G3/$O3 | W3: =H3/$O3 | X3: =I3/$O3 | ... AC3: =N3/$O3 | AD3: =SUM(U3:AB3) | AE3: =AC3+AD3
A4: 44652 | B4: 6.34 | C4: 2.64 | D4: 6.3 | E4: 4.58 | G4: 0.86 | H4: 0.02 | I4: 0.04 | J4: 0.34 | K4: 0.2 | L4: 0.18 | M4: 0.06 | N4: 3.46 | O4: =SUM(B4:N4) | Q4: =B4/$O4 | R4: =C4/$O4 | S4: =D4/$O4 | T4: =E4/$O4 | U4: =F4/$O4 | V4: =G4/$O4 | W4: =H4/$O4 | X4: =I4/$O4 | ... AC4: =N4/$O4 | AD4: =SUM(U4:AB4) | AE4: =AC4+AD4
A5: 44666 | B5: 4.96 | C5: 1.58 | D5: 3.58 | E5: 16.2 | F5: 0.08 | G5: 0.88 | I5: 0.14 | J5: 0.2 | K5: 0.12 | L5: 0.18 | M5: 0.12 | N5: 4.4 | O5: =SUM(B5:N5) | Q5: =B5/$O5 | R5: =C5/$O5 | S5: =D5/$O5 | T5: =E5/$O5 | U5: =F5/$O5 | V5: =G5/$O5 | W5: =H5/$O5 | X5: =I5/$O5 | ... AC5: =N5/$O5 | AD5: =SUM(U5:AB5) | AE5: =AC5+AD5
A6: 44681 | B6: 4.98 | C6: 2 | D6: 5.3 | E6: 6.08 | F6: 0.14 | G6: 0.64 | I6: 0.08 | J6: 0.16 | K6: 0.26 | L6: 0.26 | M6: 0.04 | N6: 2.58 | O6: =SUM(B6:N6) | Q6: =B6/$O6 | R6: =C6/$O6 | S6: =D6/$O6 | T6: =E6/$O6 | U6: =F6/$O6 | V6: =G6/$O6 | W6: =H6/$O6 | X6: =I6/$O6 | ... AC6: =N6/$O6 | AD6: =SUM(U6:AB6) | AE6: =AC6+AD6
A7: 44691 | B7: 3.78 | C7: 1.82 | D7: 5.46 | E7: 6.06 | F7: 0.08 | G7: 0.74 | H7: 0.12 | I7: 0.04 | J7: 0.18 | K7: 0.26 | L7: 0.1 | M7: 0.06 | N7: 1.8 | O7: =SUM(B7:N7) | Q7: =B7/$O7 | R7: =C7/$O7 | S7: =D7/$O7 | T7: =E7/$O7 | U7: =F7/$O7 | V7: =G7/$O7 | W7: =H7/$O7 | X7: =I7/$O7 | ... AC7: =N7/$O7 | AD7: =SUM(U7:AB7) | AE7: =AC7+AD7
A8: 44697 | B8: 5.26 | C8: 3.66 | D8: 9.72 | E8: 7.82 | F8: 0.4 | G8: 0.8 | H8: 0.04 | I8: 0.04 | J8: 0.4 | K8: 0.42 | L8: 0.4 | M8: 0.2 | N8: 4.58 | O8: =SUM(B8:N8) | Q8: =B8/$O8 | R8: =C8/$O8 | S8: =D8/$O8 | T8: =E8/$O8 | U8: =F8/$O8 | V8: =G8/$O8 | W8: =H8/$O8 | X8: =I8/$O8 | ... AC8: =N8/$O8 | AD8: =SUM(U8:AB8) | AE8: =AC8+AD8
A9: 44747 | B9: 3.06 | C9: 1.14 | D9: 2.8 | E9: 9.86 | F9: 0.08 | G9: 1.3 | I9: 0.1 | J9: 0.12 | K9: 1.5 | L9: 0.5 | M9: 0.12 | N9: 2.7 | O9: =SUM(B9:N9) | Q9: =B9/$O9 | R9: =C9/$O9 | S9: =D9/$O9 | T9: =E9/$O9 | U9: =F9/$O9 | V9: =G9/$O9 | W9: =H9/$O9 | X9: =I9/$O9 | ... AC9: =N9/$O9 | AD9: =SUM(U9:AB9) | AE9: =AC9+AD9
A10: 44848 | B10: 7.12 | C10: 0.68 | D10: 9.86 | E10: 1.92 | F10: 0.38 | G10: 1.44 | H10: 0.34 | I10: 0.54 | J10: 0.6 | K10: 0.16 | L10: 1.32 | N10: 5.36 | O10: =SUM(B10:N10) | Q10: =B10/$O10 | R10: =C10/$O10 | S10: =D10/$O10 | T10: =E10/$O10 | U10: =F10/$O10 | V10: =G10/$O10 | W10: =H10/$O10 | X10: =I10/$O10 | ... AC10: =N10/$O10 | AD10: =SUM(U10:AB10) | AE10: =AC10+AD10
A11: 44855 | B11: 4.66 | C11: 0.16 | D11: 8.34 | E11: 2.06 | F11: 0.26 | G11: 1.52 | H11: 0.1 | I11: 0.18 | L11: 0.6 | N11: 4.22 | O11: =SUM(B11:N11) | Q11: =B11/$O11 | R11: =C11/$O11 | S11: =D11/$O11 | T11: =E11/$O11 | U11: =F11/$O11 | V11: =G11/$O11 | W11: =H11/$O11 | X11: =I11/$O11 | ... AC11: =N11/$O11 | AD11: =SUM(U11:AB11) | AE11: =AC11+AD11
A12: 44858 | B12: 6.1 | C12: 3.8 | D12: 4.72 | E12: 1.9 | F12: 0.28 | G12: 0.84 | I12: 0.14 | L12: 0.74 | N12: 3.68 | O12: =SUM(B12:N12) | Q12: =B12/$O12 | R12: =C12/$O12 | S12: =D12/$O12 | T12: =E12/$O12 | U12: =F12/$O12 | V12: =G12/$O12 | W12: =H12/$O12 | X12: =I12/$O12 | ... AC12: =N12/$O12 | AD12: =SUM(U12:AB12) | AE12: =AC12+AD12
A13: 44866 | B13: 5.86 | C13: 3.22 | D13: 6.2 | E13: 1.74 | F13: 0.08 | G13: 0.9 | H13: 0.2 | I13: 0.08 | K13: 0.44 | L13: 0.38 | N13: 4.88 | O13: =SUM(B13:N13) | Q13: =B13/$O13 | R13: =C13/$O13 | S13: =D13/$O13 | T13: =E13/$O13 | U13: =F13/$O13 | V13: =G13/$O13 | W13: =H13/$O13 | X13: =I13/$O13 | ... AC13: =N13/$O13 | AD13: =SUM(U13:AB13) | AE13: =AC13+AD13
A14: 44870 | B14: 6.48 | C14: 2.84 | D14: 5.02 | E14: 1.86 | F14: 0.12 | G14: 0.96 | H14: 0.08 | I14: 0.12 | K14: 0.2 | L14: 0.24 | N14: 4.42 | O14: =SUM(B14:N14) | Q14: =B14/$O14 | R14: =C14/$O14 | S14: =D14/$O14 | T14: =E14/$O14 | U14: =F14/$O14 | V14: =G14/$O14 | W14: =H14/$O14 | X14: =I14/$O14 | ... AC14: =N14/$O14 | AD14: =SUM(U14:AB14) | AE14: =AC14+AD14
A15: 44872 | B15: 7.26 | C15: 2.66 | D15: 5.3 | E15: 2.04 | F15: 0.5 | G15: 1.74 | H15: 0.12 | I15: 0.38 | K15: 0.58 | L15: 0.66 | N15: 6.44 | O15: =SUM(B15:N15) | Q15: =B15/$O15 | R15: =C15/$O15 | S15: =D15/$O15 | T15: =E15/$O15 | U15: =F15/$O15 | V15: =G15/$O15 | W15: =H15/$O15 | X15: =I15/$O15 | ... AC15: =N15/$O15 | AD15: =SUM(U15:AB15) | AE15: =AC15+AD15
A16: 44884 | B16: 3.48 | C16: 3.14 | D16: 4.3 | E16: 0.66 | F16: 0.26 | G16: 1.22 | H16: 0.02 | I16: 0.08 | K16: 0.12 | L16: 0.24 | N16: 6.88 | O16: =SUM(B16:N16) | Q16: =B16/$O16 | R16: =C16/$O16 | S16: =D16/$O16 | T16: =E16/$O16 | U16: =F16/$O16 | V16: =G16/$O16 | W16: =H16/$O16 | X16: =I16/$O16 | ... AC16: =N16/$O16 | AD16: =SUM(U16:AB16) | AE16: =AC16+AD16
A17: 44891 | B17: 5.06 | C17: 3.6 | D17: 5.04 | E17: 0.96 | F17: 0.56 | G17: 1.28 | H17: 0.14 | I17: 0.16 | K17: 0.44 | L17: 0.46 | N17: 3.66 | O17: =SUM(B17:N17) | Q17: =B17/$O17 | R17: =C17/$O17 | S17: =D17/$O17 | T17: =E17/$O17 | U17: =F17/$O17 | V17: =G17/$O17 | W17: =H17/$O17 | X17: =I17/$O17 | ... AC17: =N17/$O17 | AD17: =SUM(U17:AB17) | AE17: =AC17+AD17
A18: 44894 | B18: 8.04 | C18: 3.26 | D18: 4.96 | E18: 16.48 | F18: 0.16 | G18: 0.46 | H18: 0.06 | I18: 0.18 | J18: 0.04 | K18: 0.08 | L18: 0.18 | M18: 0.04 | N18: 5.18 | O18: =SUM(B18:N18) | Q18: =B18/$O18 | R18: =C18/$O18 | S18: =D18/$O18 | T18: =E18/$O18 | U18: =F18/$O18 | V18: =G18/$O18 | W18: =H18/$O18 | X18: =I18/$O18 | ... AC18: =N18/$O18 | AD18: =SUM(U18:AB18) | AE18: =AC18+AD18
A19: 44904 | B19: 4.62 | C19: 3.42 | D19: 4.7 | E19: 0.94 | F19: 0.22 | G19: 1.62 | H19: 0.14 | I19: 0.24 | K19: 0.64 | L19: 0.46 | N19: 7.76 | O19: =SUM(B19:N19) | Q19: =B19/$O19 | R19: =C19/$O19 | S19: =D19/$O19 | T19: =E19/$O19 | U19: =F19/$O19 | V19: =G19/$O19 | W19: =H19/$O19 | X19: =I19/$O19 | ... AC19: =N19/$O19 | AD19: =SUM(U19:AB19) | AE19: =AC19+AD19
A20: 44912 | B20: 2.76 | C20: 2.22 | D20: 2.86 | E20: 0.54 | F20: 0.28 | G20: 0.72 | I20: 0.08 | J20: 0.04 | K20: 0.06 | L20: 0.18 | N20: 4.12 | O20: =SUM(B20:N20) | Q20: =B20/$O20 | R20: =C20/$O20 | S20: =D20/$O20 | T20: =E20/$O20 | U20: =F20/$O20 | V20: =G20/$O20 | W20: =H20/$O20 | X20: =I20/$O20 | ... AC20: =N20/$O20 | AD20: =SUM(U20:AB20) | AE20: =AC20+AD20
A21: 44917 | B21: 4.18 | C21: 2.42 | D21: 4 | E21: 0.96 | F21: 0.62 | G21: 1.08 | H21: 0.02 | I21: 0.1 | K21: 0.7 | L21: 0.2 | N21: 4.48 | O21: =SUM(B21:N21) | Q21: =B21/$O21 | R21: =C21/$O21 | S21: =D21/$O21 | T21: =E21/$O21 | U21: =F21/$O21 | V21: =G21/$O21 | W21: =H21/$O21 | X21: =I21/$O21 | ... AC21: =N21/$O21 | AD21: =SUM(U21:AB21) | AE21: =AC21+AD21
A22: 44924 | B22: 4.1 | C22: 2.38 | D22: 4.38 | E22: 1.12 | F22: 0.34 | G22: 0.44 | H22: 0.08 | I22: 0.16 | J22: 0.04 | K22: 0.42 | L22: 0.32 | N22: 5.22 | O22: =SUM(B22:N22) | Q22: =B22/$O22 | R22: =C22/$O22 | S22: =D22/$O22 | T22: =E22/$O22 | U22: =F22/$O22 | V22: =G22/$O22 | W22: =H22/$O22 | X22: =I22/$O22 | ... AC22: =N22/$O22 | AD22: =SUM(U22:AB22) | AE22: =AC22+AD22
A23: 45110 | B23: 2.98 | C23: 1.06 | D23: 3.9 | E23: 9.04 | F23: 0.2 | G23: 0.44 | H23: 0.02 | I23: 0.68 | J23: 0.02 | K23: 0.48 | L23: 0.36 | M23: 0.12 | N23: 2.9 | O23: =SUM(B23:N23) | Q23: =B23/$O23 | R23: =C23/$O23 | S23: =D23/$O23 | T23: =E23/$O23 | U23: =F23/$O23 | V23: =G23/$O23 | W23: =H23/$O23 | X23: =I23/$O23 | ... AC23: =N23/$O23 | AD23: =SUM(U23:AB23) | AE23: =AC23+AD23
A24: 45118 | B24: 1.44 | C24: 1.04 | D24: 2.7 | E24: 5.98 | F24: 0.12 | G24: 0.64 | H24: 0.08 | I24: 0.76 | J24: 0.06 | K24: 0.42 | L24: 0.36 | M24: 0.1 | N24: 5.78 | O24: =SUM(B24:N24) | Q24: =B24/$O24 | R24: =C24/$O24 | S24: =D24/$O24 | T24: =E24/$O24 | U24: =F24/$O24 | V24: =G24/$O24 | W24: =H24/$O24 | X24: =I24/$O24 | ... AC24: =N24/$O24 | AD24: =SUM(U24:AB24) | AE24: =AC24+AD24
A25: 45124 | B25: 3.74 | C25: 1.72 | D25: 2.06 | E25: 5.98 | F25: 0.06 | G25: 0.68 | H25: 0.02 | I25: 0.5 | J25: 0 | K25: 0.18 | L25: 0.2 | M25: 0.06 | N25: 1.7 | O25: =SUM(B25:N25) | Q25: =B25/$O25 | R25: =C25/$O25 | S25: =D25/$O25 | T25: =E25/$O25 | U25: =F25/$O25 | V25: =G25/$O25 | W25: =H25/$O25 | X25: =I25/$O25 | ... AC25: =N25/$O25 | AD25: =SUM(U25:AB25) | AE25: =AC25+AD25
A26: 45152 | B26: 2.58 | C26: 0.82 | D26: 1.66 | E26: 21.14 | F26: 0.04 | G26: 0.3 | H26: 0.08 | I26: 0.4 | J26: 0.02 | K26: 0.06 | L26: 0 | M26: 0 | N26: 1.04 | O26: =SUM(B26:N26) | Q26: =B26/$O26 | R26: =C26/$O26 | S26: =D26/$O26 | T26: =E26/$O26 | U26: =F26/$O26 | V26: =G26/$O26 | W26: =H26/$O26 | X26: =I26/$O26 | ... AC26: =N26/$O26 | AD26: =SUM(U26:AB26) | AE26: =AC26+AD26
A27: 45166 | B27: 2.76 | C27: 0.84 | D27: 4 | E27: 5.6 | F27: 0.06 | G27: 0.36 | H27: 0 | I27: 0.36 | J27: 0.06 | K27: 0.12 | L27: 0.2 | M27: 0.1 | N27: 1.98 | O27: =SUM(B27:N27) | Q27: =B27/$O27 | R27: =C27/$O27 | S27: =D27/$O27 | T27: =E27/$O27 | U27: =F27/$O27 | V27: =G27/$O27 | W27: =H27/$O27 | X27: =I27/$O27 | ... AC27: =N27/$O27 | AD27: =SUM(U27:AB27) | AE27: =AC27+AD27
A28: 45201 | B28: 1.9 | C28: 1.18 | D28: 2.1 | E28: 6.54 | F28: 0.16 | G28: 0.36 | H28: 0 | I28: 0.36 | J28: 0 | K28: 0.1 | L28: 0.56 | M28: 0.28 | N28: 1.34 | O28: =SUM(B28:N28) | Q28: =B28/$O28 | R28: =C28/$O28 | S28: =D28/$O28 | T28: =E28/$O28 | U28: =F28/$O28 | V28: =G28/$O28 | W28: =H28/$O28 | X28: =I28/$O28 | ... AC28: =N28/$O28 | AD28: =SUM(U28:AB28) | AE28: =AC28+AD28
A29: 45209 | B29: 2.6 | C29: 0.98 | D29: 2.24 | E29: 10.2 | F29: 1.94 | G29: 0.18 | H29: 0.04 | I29: 0.34 | J29: 0 | K29: 0.62 | L29: 1.06 | M29: 0.24 | N29: 1.96 | O29: =SUM(B29:N29) | Q29: =B29/$O29 | R29: =C29/$O29 | S29: =D29/$O29 | T29: =E29/$O29 | U29: =F29/$O29 | V29: =G29/$O29 | W29: =H29/$O29 | X29: =I29/$O29 | ... AC29: =N29/$O29 | AD29: =SUM(U29:AB29) | AE29: =AC29+AD29
A30: 45230 | B30: 2.38 | C30: 1.66 | D30: 2.02 | E30: 6.06 | F30: 0.26 | G30: 0.24 | H30: 0.04 | I30: 0.26 | J30: 0.06 | K30: 0.14 | L30: 0.3 | M30: 0.26 | N30: 2.04 | O30: =SUM(B30:N30) | Q30: =B30/$O30 | R30: =C30/$O30 | S30: =D30/$O30 | T30: =E30/$O30 | U30: =F30/$O30 | V30: =G30/$O30 | W30: =H30/$O30 | X30: =I30/$O30 | ... AC30: =N30/$O30 | AD30: =SUM(U30:AB30) | AE30: =AC30+AD30
A31: 45247 | B31: 2.18 | C31: 1.26 | D31: 2.72 | E31: 5.38 | F31: 0.84 | G31: 0.52 | H31: 0.08 | I31: 0.44 | J31: 0.06 | K31: 0.94 | L31: 1.14 | M31: 0.28 | N31: 3.1 | O31: =SUM(B31:N31) | Q31: =B31/$O31 | R31: =C31/$O31 | S31: =D31/$O31 | T31: =E31/$O31 | U31: =F31/$O31 | V31: =G31/$O31 | W31: =H31/$O31 | X31: =I31/$O31 | ... AC31: =N31/$O31 | AD31: =SUM(U31:AB31) | AE31: =AC31+AD31
A32: 45397 | B32: 0.56 | C32: 0.5 | D32: 0.82 | E32: 0.16 | F32: 0.06 | G32: 0.26 | H32: 0.02 | I32: 0 | J32: 0 | K32: 0.02 | L32: 0.06 | M32: 0 | N32: 0.84 | O32: =SUM(B32:N32) | Q32: =B32/$O32 | R32: =C32/$O32 | S32: =D32/$O32 | T32: =E32/$O32 | U32: =F32/$O32 | V32: =G32/$O32 | W32: =H32/$O32 | X32: =I32/$O32 | ... AC32: =N32/$O32 | AD32: =SUM(U32:AB32) | AE32: =AC32+AD32 | AF32: =SUM(Q32:T32) | AG32: =YEAR(A32) | AH32: =MONTH(A32) | AI32: 1
A33: 45465 | B33: 4.4 | C33: 1.34 | D33: 0.9 | E33: 11.12 | F33: 0.04 | G33: 0.82 | H33: 0.1 | I33: 0.14 | J33: 0.14 | K33: 0 | L33: 0 | M33: 0.02 | N33: 0.96 | O33: =SUM(B33:N33) | Q33: =B33/$O33 | R33: =C33/$O33 | S33: =D33/$O33 | T33: =E33/$O33 | U33: =F33/$O33 | V33: =G33/$O33 | W33: =H33/$O33 | X33: =I33/$O33 | ... AC33: =N33/$O33 | AD33: =SUM(U33:AB33) | AE33: =AC33+AD33 | AF33: =SUM(Q33:T33) | AG33: =YEAR(A33) | AH33: =MONTH(A33) | AI33: =AI32+1
O34: =SUM(B34:N34) | Q34: =B34/$O34 | R34: =C34/$O34 | S34: =D34/$O34 | T34: =E34/$O34 | U34: =F34/$O34 | V34: =G34/$O34 | W34: =H34/$O34 | X34: =I34/$O34 | ... AC34: =N34/$O34 | AD34: =SUM(U34:AB34) | AE34: =AC34+AD34 | AF34: =SUM(Q34:T34) | AG34: =YEAR(A34) | AH34: =MONTH(A34) | AI34: =AI33+1
O35: =SUM(B35:N35) | Q35: =B35/$O35 | R35: =C35/$O35 | S35: =D35/$O35 | T35: =E35/$O35 | U35: =F35/$O35 | V35: =G35/$O35 | W35: =H35/$O35 | X35: =I35/$O35 | ... AC35: =N35/$O35 | AD35: =SUM(U35:AB35) | AE35: =AC35+AD35 | AF35: =SUM(Q35:T35) | AG35: =YEAR(A35) | AH35: =MONTH(A35) | AI35: =AI34+1
O36: =SUM(B36:N36) | Q36: =B36/$O36 | R36: =C36/$O36 | S36: =D36/$O36 | T36: =E36/$O36 | U36: =F36/$O36 | V36: =G36/$O36 | W36: =H36/$O36 | X36: =I36/$O36 | ... AC36: =N36/$O36 | AD36: =SUM(U36:AB36) | AE36: =AC36+AD36 | AF36: =SUM(Q36:T36) | AG36: =YEAR(A36) | AH36: =MONTH(A36) | AI36: =AI35+1
O37: =SUM(B37:N37) | Q37: =B37/$O37 | R37: =C37/$O37 | S37: =D37/$O37 | T37: =E37/$O37 | U37: =F37/$O37 | V37: =G37/$O37 | W37: =H37/$O37 | X37: =I37/$O37 | ... AC37: =N37/$O37 | AD37: =SUM(U37:AB37) | AE37: =AC37+AD37 | AF37: =SUM(Q37:T37) | AG37: =YEAR(A37) | AH37: =MONTH(A37) | AI37: =AI36+1
O38: =SUM(B38:N38) | Q38: =B38/$O38 | R38: =C38/$O38 | S38: =D38/$O38 | T38: =E38/$O38 | U38: =F38/$O38 | V38: =G38/$O38 | W38: =H38/$O38 | X38: =I38/$O38 | ... AC38: =N38/$O38 | AD38: =SUM(U38:AB38) | AE38: =AC38+AD38 | AF38: =SUM(Q38:T38) | AG38: =YEAR(A38) | AH38: =MONTH(A38) | AI38: =AI37+1
O39: =SUM(B39:N39) | Q39: =B39/$O39 | R39: =C39/$O39 | S39: =D39/$O39 | T39: =E39/$O39 | U39: =F39/$O39 | V39: =G39/$O39 | W39: =H39/$O39 | X39: =I39/$O39 | ... AC39: =N39/$O39 | AD39: =SUM(U39:AB39) | AE39: =AC39+AD39 | AF39: =SUM(Q39:T39) | AG39: =YEAR(A39) | AH39: =MONTH(A39) | AI39: =AI38+1
O40: =SUM(B40:N40) | Q40: =B40/$O40 | R40: =C40/$O40 | S40: =D40/$O40 | T40: =E40/$O40 | U40: =F40/$O40 | V40: =G40/$O40 | W40: =H40/$O40 | X40: =I40/$O40 | ... AC40: =N40/$O40 | AD40: =SUM(U40:AB40) | AE40: =AC40+AD40 | AF40: =SUM(Q40:T40) | AG40: =YEAR(A40) | AH40: =MONTH(A40) | AI40: =AI39+1
O41: =SUM(B41:N41) | Q41: =B41/$O41 | R41: =C41/$O41 | S41: =D41/$O41 | T41: =E41/$O41 | U41: =F41/$O41 | V41: =G41/$O41 | W41: =H41/$O41 | X41: =I41/$O41 | ... AC41: =N41/$O41 | AD41: =SUM(U41:AB41) | AE41: =AC41+AD41 | AF41: =SUM(Q41:T41) | AG41: =YEAR(A41) | AH41: =MONTH(A41) | AI41: =AI40+1
P44: GM | Q44: =AVERAGE(Q2:Q33) | R44: =AVERAGE(R2:R33) | S44: =AVERAGE(S2:S33) | T44: =AVERAGE(T2:T33) | U44: =AVERAGE(U2:U33) | V44: =AVERAGE(V2:V33) | W44: =AVERAGE(W2:W33) | X44: =AVERAGE(X2:X33) | ... AE44: =AVERAGE(AE2:AE33)
P46: 2024 | Q46: =AVERAGE(Q28:Q33) | R46: =AVERAGE(R28:R33) | S46: =AVERAGE(S28:S33) | T46: =AVERAGE(T28:T33) | U46: =AVERAGE(U28:U33) | V46: =AVERAGE(V28:V33) | W46: =AVERAGE(W28:W33) | X46: =AVERAGE(X28:X33) | ... AE46: =AVERAGE(AE28:AE33)
P47: Janvier | Q47: / | R47: / | S47: / | T47: / | U47: / | V47: / | W47: / | X47: / | Y47: / | Z47: / | AA47: / | AB47: / | AC47: / | AD47: / | AE47: /
P48: Février | Q48: / | R48: / | S48: / | T48: / | U48: / | V48: / | W48: / | X48: / | Y48: / | Z48: / | AA48: / | AB48: / | AC48: / | AD48: / | AE48: /
P49: Mars | Q49: / | R49: / | S49: / | T49: / | U49: / | V49: / | W49: / | X49: / | Y49: / | Z49: / | AA49: / | AB49: / | AC49: / | AD49: / | AE49: /
P50: Avril | Q50: =AVERAGE(Q32) | R50: =AVERAGE(R32) | S50: =AVERAGE(S32) | T50: =AVERAGE(T32) | U50: =AVERAGE(U32) | V50: =AVERAGE(V32) | W50: =AVERAGE(W32) | X50: =AVERAGE(X32) | ... AE50: =AVERAGE(AE32)
P51: Juin | Q51: =AVERAGE(Q33) | R51: =AVERAGE(R33) | S51: =AVERAGE(S33) | T51: =AVERAGE(T33) | U51: =AVERAGE(U33) | V51: =AVERAGE(V33) | W51: =AVERAGE(W33) | X51: =AVERAGE(X33) | ... AE51: =AVERAGE(AE33)
P52: Juillet | Q52: / | R52: / | S52: / | T52: / | U52: / | V52: / | W52: / | X52: / | Y52: / | Z52: / | AA52: / | AB52: / | AC52: / | AD52: / | AE52: /
P53: Aout | Q53: / | R53: / | S53: / | T53: / | U53: / | V53: / | W53: / | X53: / | Y53: / | Z53: / | AA53: / | AB53: / | AC53: / | AD53: / | AE53: /
P54: Septembre | Q54: / | R54: / | S54: / | T54: / | U54: / | V54: / | W54: / | X54: / | Y54: / | Z54: / | AA54: / | AB54: / | AC54: / | AD54: / | AE54: /
P55: Octobre
P56: Novembre
P57: Decembre

Sheet Q7
A1: Date | B1: JRM | C1: Cartons 1.05 | D1: Cartons 1.04 | E1: GM | F1: ELA | G1: PET Q7 bouteilles | H1: PET Q7 barquettes | I1: PET Q8 bouteilles | J1: PET Q8 Barquettes | K1: PET Q8 Opaque | L1: PEPPPS | M1: films | N1: acier | O1: alu | P1: petits alu | Q1: refus indésirables | R1: TOTAL | T1: JRM | U1: Cartons 1.05 | V1: Cartons 1.04 | W1: GM | X1: ELA | Y1: PET Q7 bouteilles | Z1: PET Q7 barquettes | AA1: PET Q8 bouteilles | AB1: PET Q8 Barquettes | AC1: PET Q8 Opaque | AD1: PEPPPS | AE1: films | AF1: acier | AG1: alu | AH1: petits alu | AI1: refus indésirables | AJ1: TOTAL refus fibreux valorisables | AK1: TOTAL refus non fibreux valorisables | AL1: TOTAL REFUS | AM1: TOTAL REFUS + refus non fibreux | AN1: Q7 | AO1: Annee | AP1: Mois | AQ1: Nb caract
A2: 44610 | G2: 10.89 | H2: 1.52 | L2: 0.07 | O2: 0.05 | Q2: 0 | R2: =SUM(B2:Q2) | T2: =(B2/$R2) | U2: =(C2/$R2) | V2: =(D2/$R2) | W2: =(E2/$R2) | X2: =(F2/$R2) | Y2: =(G2/$R2) | Z2: =(H2/$R2) | AA2: =(I2/$R2) | ... AI2: =(Q2/$R2) | AJ2: =SUM(T2:W2) | AK2: =SUM(AA2:AE2)+X2 | AL2: =AI2+AJ2+AF2+AG2+AH2 | AM2: =AL2+AK2
A3: 36587 | G3: 12.48 | H3: 1.39 | L3: 0.06 | P3: 0.06 | Q3: 0.04 | R3: =SUM(B3:Q3) | T3: =(B3/$R3) | U3: =(C3/$R3) | V3: =(D3/$R3) | W3: =(E3/$R3) | X3: =(F3/$R3) | Y3: =(G3/$R3) | Z3: =(H3/$R3) | AA3: =(I3/$R3) | ... AI3: =(Q3/$R3) | AJ3: =SUM(T3:W3) | AK3: =SUM(AA3:AE3)+X3 | AL3: =AI3+AJ3+AF3+AG3+AH3 | AM3: =AL3+AK3
A4: 44630 | B4: 0.02 | G4: 16.48 | H4: 1.78 | J4: 0.16 | L4: 0.16 | M4: 0.02 | O4: 0.08 | Q4: 0.08 | R4: =SUM(B4:Q4) | T4: =(B4/$R4) | U4: =(C4/$R4) | V4: =(D4/$R4) | W4: =(E4/$R4) | X4: =(F4/$R4) | Y4: =(G4/$R4) | Z4: =(H4/$R4) | AA4: =(I4/$R4) | ... AI4: =(Q4/$R4) | AJ4: =SUM(T4:W4) | AK4: =SUM(AA4:AE4)+X4 | AL4: =AI4+AJ4+AF4+AG4+AH4 | AM4: =AL4+AK4
A5: 44655 | D5: 0.24 | F5: 0.04 | G5: 17.18 | H5: 3.18 | I5: 0.16 | K5: 0.26 | L5: 0.1 | M5: 0.06 | N5: 0.08 | P5: 0.02 | Q5: 0.68 | R5: =SUM(B5:Q5) | T5: =(B5/$R5) | U5: =(C5/$R5) | V5: =(D5/$R5) | W5: =(E5/$R5) | X5: =(F5/$R5) | Y5: =(G5/$R5) | Z5: =(H5/$R5) | AA5: =(I5/$R5) | ... AI5: =(Q5/$R5) | AJ5: =SUM(T5:W5) | AK5: =SUM(AA5:AE5)+X5 | AL5: =AI5+AJ5+AF5+AG5+AH5 | AM5: =AL5+AK5
A6: 44665 | D6: 0.04 | G6: 16.8 | H6: 0.76 | I6: 0.14 | M6: 0.04 | Q6: 0.18 | R6: =SUM(B6:Q6) | T6: =(B6/$R6) | U6: =(C6/$R6) | V6: =(D6/$R6) | W6: =(E6/$R6) | X6: =(F6/$R6) | Y6: =(G6/$R6) | Z6: =(H6/$R6) | AA6: =(I6/$R6) | ... AI6: =(Q6/$R6) | AJ6: =SUM(T6:W6) | AK6: =SUM(AA6:AE6)+X6 | AL6: =AI6+AJ6+AF6+AG6+AH6 | AM6: =AL6+AK6
A7: 44670 | G7: 16.06 | H7: 1.32 | I7: 0.06 | Q7: 0.52 | R7: =SUM(B7:Q7) | T7: =(B7/$R7) | U7: =(C7/$R7) | V7: =(D7/$R7) | W7: =(E7/$R7) | X7: =(F7/$R7) | Y7: =(G7/$R7) | Z7: =(H7/$R7) | AA7: =(I7/$R7) | ... AI7: =(Q7/$R7) | AJ7: =SUM(T7:W7) | AK7: =SUM(AA7:AE7)+X7 | AL7: =AI7+AJ7+AF7+AG7+AH7 | AM7: =AL7+AK7
A8: 44690 | G8: 24.3 | H8: 2.96 | M8: 0.02 | N8: 0.04 | Q8: 0.02 | R8: =SUM(B8:Q8) | T8: =(B8/$R8) | U8: =(C8/$R8) | V8: =(D8/$R8) | W8: =(E8/$R8) | X8: =(F8/$R8) | Y8: =(G8/$R8) | Z8: =(H8/$R8) | AA8: =(I8/$R8) | ... AI8: =(Q8/$R8) | AJ8: =SUM(T8:W8) | AK8: =SUM(AA8:AE8)+X8 | AL8: =AI8+AJ8+AF8+AG8+AH8 | AM8: =AL8+AK8
A9: 44694 | D9: 0.06 | G9: 19.52 | H9: 1.66 | I9: 0.14 | K9: 0.06 | L9: 0.02 | M9: 0.1 | N9: 0.04 | O9: 0.04 | P9: 0.02 | Q9: 0.56 | R9: =SUM(B9:Q9) | T9: =(B9/$R9) | U9: =(C9/$R9) | V9: =(D9/$R9) | W9: =(E9/$R9) | X9: =(F9/$R9) | Y9: =(G9/$R9) | Z9: =(H9/$R9) | AA9: =(I9/$R9) | ... AI9: =(Q9/$R9) | AJ9: =SUM(T9:W9) | AK9: =SUM(AA9:AE9)+X9 | AL9: =AI9+AJ9+AF9+AG9+AH9 | AM9: =AL9+AK9
A10: 44702 | B10: 0.02 | G10: 27.26 | H10: 2.36 | I10: 0.3 | K10: 0.04 | O10: 0.02 | Q10: 0.34 | R10: =SUM(B10:Q10) | T10: =(B10/$R10) | U10: =(C10/$R10) | V10: =(D10/$R10) | W10: =(E10/$R10) | X10: =(F10/$R10) | Y10: =(G10/$R10) | Z10: =(H10/$R10) | AA10: =(I10/$R10) | ... AI10: =(Q10/$R10) | AJ10: =SUM(T10:W10) | AK10: =SUM(AA10:AE10)+X10 | AL10: =AI10+AJ10+AF10+AG10+AH10 | AM10: =AL10+AK10
